FOODS,HOBBIES,HOUSEHOLD,d
23178,3764,5689,d_1
22758,3357,5634,d_2
17174,2682,3927,d_3
18878,2669,3865,d_4
14603,1814,2729,d_5
22093,3220,3898,d_6
20490,2944,4576,d_7
27751,3986,6195,d_8
24862,2899,4975,d_9
18901,2615,4056,d_10
16963,2547,3561,d_11
17655,2457,3546,d_12
17340,2700,3716,d_13
19038,2822,4585,d_14
25187,3699,5947,d_15
26656,3417,6307,d_16
16015,2233,3556,d_17
17425,2554,4091,d_18
15351,2170,3922,d_19
14290,2049,3979,d_20
16594,2284,4843,d_21
20938,4142,6609,d_22
20028,2978,6277,d_23
16373,2735,4858,d_24
14043,2459,3999,d_25
13932,2758,4067,d_26
13733,2559,3985,d_27
15480,2675,4374,d_28
19905,4088,5915,d_29
20660,2118,5929,d_30
15066,1771,4403,d_31
16568,1833,4471,d_32
16218,1675,4153,d_33
17242,1855,4378,d_34
17512,1653,4407,d_35
23072,2096,6034,d_36
24909,3795,6172,d_37
17588,2687,4287,d_38
16280,2519,3953,d_39
16039,2955,3566,d_40
16007,2686,3933,d_41
18125,2688,4759,d_42
22545,3630,6050,d_43
22239,3282,5896,d_44
17859,2500,4576,d_45
17284,2522,4215,d_46
15685,2736,4344,d_47
15081,2434,4264,d_48
16267,2687,4901,d_49
20467,3702,6430,d_50
20289,3174,6180,d_51
15973,2499,4629,d_52
14176,2303,4013,d_53
13214,2384,3632,d_54
12959,2347,3548,d_55
15485,3239,4626,d_56
19943,3524,6153,d_57
20229,3537,6100,d_58
14704,2738,4007,d_59
13389,2388,3804,d_60
12891,2503,3534,d_61
14675,3120,3947,d_62
19357,3544,5408,d_63
22603,3996,6879,d_64
23396,3504,6158,d_65
17511,2862,4479,d_66
17253,2393,3935,d_67
16584,2427,3645,d_68
16448,2643,3810,d_69
17212,3145,4397,d_70
22221,3501,6023,d_71
22238,3364,5934,d_72
17589,2941,4299,d_73
16825,2607,3786,d_74
15232,2572,3807,d_75
15324,2674,3966,d_76
18016,2807,4659,d_77
19817,3371,6046,d_78
20547,3026,6214,d_79
15127,2790,4472,d_80
13454,2179,3841,d_81
13799,2356,4033,d_82
13741,2176,3851,d_83
16889,2474,4916,d_84
20924,3058,5593,d_85
16870,2446,4702,d_86
12922,2865,4217,d_87
11883,2517,3713,d_88
11616,2515,3798,d_89
11680,2500,3965,d_90
14714,2907,5114,d_91
17776,4039,6286,d_92
19746,3381,5918,d_93
15703,2590,4544,d_94
16581,3002,4497,d_95
14160,2549,4052,d_96
14778,2605,3801,d_97
17267,2828,4391,d_98
19679,3466,5267,d_99
16383,2880,4425,d_100
17988,2670,4366,d_101
15767,2584,3880,d_102
15180,2781,4204,d_103
15559,2811,4043,d_104
17382,3153,5113,d_105
19108,3580,6048,d_106
21766,3466,6088,d_107
15034,3001,4178,d_108
13313,2433,3867,d_109
12618,2485,3667,d_110
12732,2181,3771,d_111
14330,2886,4433,d_112
17661,3604,5847,d_113
17855,3105,5286,d_114
14392,2626,3936,d_115
13175,2336,3692,d_116
13070,2316,3672,d_117
13744,2729,4007,d_118
14825,3272,4384,d_119
17214,3214,5099,d_120
16161,2532,4756,d_121
15540,2159,4839,d_122
13042,2188,4325,d_123
15746,2478,4941,d_124
15980,2375,4326,d_125
18741,2974,5066,d_126
21155,3014,6141,d_127
22466,3204,5934,d_128
19283,2710,4692,d_129
18430,2393,4266,d_130
17456,2845,4152,d_131
17956,2593,4233,d_132
17965,3471,4983,d_133
20553,3453,5934,d_134
22662,2616,5816,d_135
18447,2695,4610,d_136
17047,2781,4327,d_137
18274,2652,4332,d_138
15713,2802,4191,d_139
17170,2836,4706,d_140
19647,3545,5633,d_141
18141,2878,5087,d_142
16915,2703,4643,d_143
15323,2298,4189,d_144
14630,2558,4213,d_145
15464,2822,4494,d_146
16530,3116,4992,d_147
17915,3140,5427,d_148
19008,3124,5536,d_149
15491,2837,4314,d_150
13457,2515,3828,d_151
13565,2522,3843,d_152
14731,2570,4150,d_153
21397,3757,5879,d_154
23387,3681,5933,d_155
21577,2734,4862,d_156
16825,2308,3900,d_157
19385,2660,4551,d_158
18922,2939,4741,d_159
19122,2690,4915,d_160
19641,2787,5251,d_161
22573,3568,6345,d_162
22079,3175,6285,d_163
19331,2493,4768,d_164
17762,2553,4317,d_165
16805,2528,4112,d_166
16738,2392,4317,d_167
19505,2913,4931,d_168
21333,3552,5984,d_169
21346,3202,5786,d_170
17203,2875,4561,d_171
15379,2550,4002,d_172
15844,2512,4131,d_173
15826,2483,4469,d_174
18194,3077,5085,d_175
20353,3666,6265,d_176
19889,3185,5725,d_177
15676,2749,4470,d_178
14496,2520,4179,d_179
14207,2330,3967,d_180
14523,2527,4193,d_181
16711,2700,5131,d_182
18794,3714,6445,d_183
19672,2951,6054,d_184
18297,2990,5320,d_185
17788,2768,4919,d_186
19290,2978,4969,d_187
16481,2566,4666,d_188
18719,2684,5191,d_189
22291,3517,6151,d_190
22867,2811,6328,d_191
19237,2428,4689,d_192
19192,2626,4395,d_193
17236,2784,4558,d_194
17803,2459,4446,d_195
20262,2958,5324,d_196
23357,3223,6423,d_197
24373,3132,6404,d_198
20767,2655,5089,d_199
17832,2601,4833,d_200
16681,2397,4603,d_201
16613,2306,4457,d_202
18594,3007,5403,d_203
21992,3568,6698,d_204
24065,2983,6925,d_205
17855,2577,4892,d_206
15800,2371,4446,d_207
15068,2690,4177,d_208
14616,2501,4297,d_209
16363,2943,4962,d_210
20449,3506,6428,d_211
21993,2431,6202,d_212
15733,1939,4413,d_213
13750,2263,4337,d_214
14788,2316,4619,d_215
18505,2624,5170,d_216
20388,3092,5728,d_217
23937,3513,6582,d_218
19081,2284,5560,d_219
21743,2581,5834,d_220
18482,2744,4908,d_221
17462,2288,4695,d_222
16918,2548,4582,d_223
19975,2748,5523,d_224
23036,3160,6834,d_225
24875,2949,6808,d_226
19155,2257,4726,d_227
17899,2167,4579,d_228
16848,2283,4374,d_229
19053,2543,4747,d_230
18696,2550,5687,d_231
22345,3198,6652,d_232
22705,2853,6476,d_233
17218,2355,4794,d_234
16017,2250,4408,d_235
15245,2328,4223,d_236
15254,2318,4287,d_237
18562,2787,5357,d_238
22717,2992,6757,d_239
23802,2919,6507,d_240
17037,2492,4561,d_241
16115,2393,4280,d_242
15712,2316,4165,d_243
15503,2462,4418,d_244
20642,3363,6177,d_245
27178,3938,8196,d_246
26994,3012,7208,d_247
22299,2983,5173,d_248
18876,2569,4669,d_249
19340,2190,4383,d_250
19367,2356,4343,d_251
21904,2952,5129,d_252
26152,3448,6330,d_253
26780,2864,6296,d_254
21598,2749,5054,d_255
20286,2764,4377,d_256
20503,2334,4577,d_257
19143,2448,4525,d_258
21228,2928,5729,d_259
27704,3545,7177,d_260
26041,2983,7103,d_261
19880,2549,5163,d_262
17184,2358,4660,d_263
15683,2565,4193,d_264
15824,2306,4272,d_265
18939,2890,5301,d_266
23055,3413,6683,d_267
23194,3177,6505,d_268
17135,2581,4800,d_269
15736,2361,4340,d_270
14886,2675,4581,d_271
15679,2765,4538,d_272
18609,3046,5225,d_273
22851,3758,6610,d_274
22638,3022,6193,d_275
15441,2808,4446,d_276
18137,2835,5067,d_277
17526,2616,4666,d_278
19801,2985,5116,d_279
19957,3014,5625,d_280
26236,3734,6917,d_281
27911,3100,6876,d_282
20030,2437,4811,d_283
18567,2388,4233,d_284
19506,2457,4129,d_285
18691,2602,4854,d_286
21652,2778,5325,d_287
25772,3486,6664,d_288
26203,2688,6457,d_289
19385,2663,4725,d_290
19738,2416,4547,d_291
17172,2373,4383,d_292
16538,2350,4226,d_293
18711,2764,5032,d_294
23660,3229,6656,d_295
23044,3203,6506,d_296
18295,2516,4763,d_297
18554,2285,4815,d_298
23261,2460,5066,d_299
14489,1140,2798,d_300
16733,2631,4634,d_301
17121,2948,5223,d_302
19262,2615,5257,d_303
15668,2449,4261,d_304
14907,2769,3908,d_305
14770,2393,3926,d_306
18321,3151,4796,d_307
21160,3164,5403,d_308
27404,4238,6487,d_309
25427,3318,6333,d_310
21909,2623,4688,d_311
20495,2661,4111,d_312
18883,2581,3989,d_313
19365,2747,4235,d_314
21637,2955,4846,d_315
25296,3417,6073,d_316
27114,2830,5799,d_317
22015,2831,4305,d_318
20528,2443,3942,d_319
20201,2485,4108,d_320
22490,2894,4260,d_321
21275,2914,4696,d_322
24797,3270,6092,d_323
23652,2802,5633,d_324
19961,2627,4480,d_325
19255,2620,4387,d_326
19578,2763,4321,d_327
20555,2945,4682,d_328
25966,3350,5330,d_329
23432,2580,3946,d_330
13,0,0,d_331
19210,3244,5578,d_332
17379,2538,4734,d_333
17401,2548,4842,d_334
17149,2427,4965,d_335
23501,3581,6570,d_336
25041,2849,5861,d_337
15898,1825,4084,d_338
23631,3082,6340,d_339
21115,2649,4987,d_340
18627,2526,4668,d_341
21132,2433,4934,d_342
22325,2957,5123,d_343
27327,3468,6348,d_344
27712,2708,6302,d_345
21688,2203,4315,d_346
19807,2467,4366,d_347
21772,2844,4428,d_348
18816,2110,3789,d_349
21831,2631,5001,d_350
26918,3371,6526,d_351
27677,2977,5805,d_352
22421,2797,5330,d_353
16683,1988,3516,d_354
18539,2508,4301,d_355
17552,2414,4068,d_356
19766,2419,5019,d_357
27425,3827,7326,d_358
23909,2585,6093,d_359
17725,2426,4551,d_360
16927,2462,4160,d_361
16204,2244,3960,d_362
16251,2550,4436,d_363
19221,2789,5189,d_364
24127,3696,6539,d_365
24108,3212,6257,d_366
18278,2227,4683,d_367
17948,2492,4684,d_368
20989,3012,5850,d_369
20819,2682,5114,d_370
25333,3308,6463,d_371
30722,4026,8281,d_372
30180,3156,6739,d_373
22951,2546,5184,d_374
20626,2438,5044,d_375
21170,2323,5086,d_376
22467,2605,4855,d_377
22101,2676,5086,d_378
30252,3926,7579,d_379
31167,3283,7454,d_380
24331,2335,5009,d_381
18774,2295,4031,d_382
19494,2484,4900,d_383
17551,2579,5065,d_384
18998,2860,5746,d_385
25763,3581,7278,d_386
25964,3137,7237,d_387
21666,2430,6122,d_388
17853,2564,4773,d_389
16958,2460,4697,d_390
17631,2440,5140,d_391
19849,2599,5422,d_392
24666,3723,7380,d_393
25699,3314,7268,d_394
19498,2440,5332,d_395
17124,2471,4764,d_396
17347,2525,4930,d_397
21248,3025,5959,d_398
23537,3121,5885,d_399
29739,3809,7771,d_400
29217,3462,7646,d_401
24562,2635,5506,d_402
23686,2604,5242,d_403
20866,2586,5156,d_404
21797,2593,5369,d_405
24112,2602,5608,d_406
28103,3590,7866,d_407
29549,3292,7771,d_408
24391,2481,5629,d_409
21406,2351,5343,d_410
20598,2247,4996,d_411
22828,2643,5281,d_412
22504,2804,5643,d_413
26869,3552,7483,d_414
26962,3103,7629,d_415
20626,2777,5784,d_416
18225,2430,4878,d_417
18902,2349,4976,d_418
18815,2253,4947,d_419
20793,2817,5445,d_420
26487,3559,7043,d_421
27345,3133,7365,d_422
19662,2321,5199,d_423
17673,2467,4509,d_424
17683,2376,4724,d_425
16997,2366,4516,d_426
21607,3145,5980,d_427
26537,4013,7913,d_428
29224,3102,7457,d_429
23227,2818,5314,d_430
24983,2767,5283,d_431
21111,2282,4925,d_432
23815,2530,5023,d_433
28602,3085,5858,d_434
34587,3757,7294,d_435
27883,2290,6037,d_436
23870,2672,5451,d_437
21164,2586,5050,d_438
21572,2859,5144,d_439
21116,2597,4855,d_440
22686,3234,6018,d_441
27546,3623,7377,d_442
28433,3224,7050,d_443
19680,2848,5144,d_444
18939,2303,4825,d_445
17589,2392,4718,d_446
17751,2590,4483,d_447
20271,2613,5259,d_448
26514,3245,6949,d_449
26894,3014,6856,d_450
19078,2670,4922,d_451
17829,2459,4560,d_452
17621,2498,4329,d_453
17733,2282,4515,d_454
20502,2825,5650,d_455
25131,3534,6982,d_456
25978,3407,6739,d_457
19645,2393,5318,d_458
21643,2846,5801,d_459
21481,2736,5022,d_460
24223,3228,5508,d_461
24116,3180,5636,d_462
29358,3268,6575,d_463
31323,3375,6831,d_464
26266,2204,5007,d_465
23671,2074,4688,d_466
23528,2090,4586,d_467
21741,2203,4220,d_468
25591,2279,4944,d_469
31472,2714,6686,d_470
26101,2306,5362,d_471
24377,2063,5143,d_472
24516,2244,4998,d_473
21413,2289,4975,d_474
20836,1986,4501,d_475
24572,2338,5401,d_476
28523,2855,6551,d_477
29991,2644,6879,d_478
21320,2175,5310,d_479
20500,1951,5051,d_480
19877,1947,4799,d_481
21049,2164,4750,d_482
24619,2424,5754,d_483
27755,2790,6694,d_484
25055,2798,6000,d_485
24793,2652,5962,d_486
20884,2620,5116,d_487
19506,2547,5097,d_488
20298,2896,5615,d_489
26898,3774,8857,d_490
32202,3743,8998,d_491
33122,3287,7501,d_492
24514,2967,5813,d_493
26183,2556,5267,d_494
25754,2879,4954,d_495
24494,2773,5268,d_496
27811,3280,5810,d_497
32770,3513,7026,d_498
32818,3315,8811,d_499
29649,2787,7200,d_500
26197,2431,6446,d_501
23692,2736,6502,d_502
24772,2500,6510,d_503
30641,3201,7956,d_504
31590,3826,9022,d_505
28421,2927,7691,d_506
24353,2784,6963,d_507
22653,2513,6801,d_508
22145,2603,6720,d_509
21436,2854,6474,d_510
25388,3602,7487,d_511
28070,3248,8692,d_512
28785,3207,8517,d_513
22147,2609,7091,d_514
20473,2737,6161,d_515
20323,2527,6035,d_516
21063,2468,6054,d_517
24863,3434,8080,d_518
27386,3985,9223,d_519
29233,2636,8830,d_520
26523,2314,7026,d_521
29682,2414,7446,d_522
24727,1930,5999,d_523
25331,2081,6996,d_524
29846,2638,7507,d_525
30605,2677,8149,d_526
31165,3367,8140,d_527
26688,2647,6435,d_528
23631,2630,6326,d_529
24229,2711,6132,d_530
24277,2567,6233,d_531
25931,3300,7351,d_532
29842,3692,8814,d_533
31949,3216,8524,d_534
23498,2868,6654,d_535
21854,2596,5968,d_536
20397,2661,5858,d_537
21435,3137,6292,d_538
24826,3405,7171,d_539
27794,3593,8157,d_540
28210,3390,8352,d_541
21925,2735,6204,d_542
21127,2301,6051,d_543
20424,2126,5804,d_544
20162,2277,6099,d_545
22830,2457,6553,d_546
24118,2783,7687,d_547
25927,2444,7776,d_548
20822,2094,6017,d_549
20591,2353,6587,d_550
23954,2563,7453,d_551
25294,2604,7362,d_552
28727,2833,7951,d_553
29657,2810,8809,d_554
31801,2629,8579,d_555
27608,2268,7148,d_556
23779,2166,6449,d_557
24043,2023,6235,d_558
26042,2007,6959,d_559
25861,2445,8159,d_560
32103,2716,9262,d_561
33640,2647,9511,d_562
26301,2055,7674,d_563
25053,2075,7184,d_564
26310,2254,6933,d_565
24791,2452,7162,d_566
25186,2490,7781,d_567
29402,2885,9234,d_568
30722,2912,9730,d_569
23145,2071,7194,d_570
21221,1954,7031,d_571
19995,2203,6724,d_572
19900,2012,6640,d_573
22808,2439,7797,d_574
27425,2812,9727,d_575
29159,2754,9108,d_576
21742,2355,6913,d_577
20118,2112,6242,d_578
18979,2061,6061,d_579
19819,1952,6532,d_580
24435,2992,9665,d_581
30247,3375,11008,d_582
30330,2609,9880,d_583
32349,2469,9707,d_584
22229,2308,7342,d_585
22931,2102,6821,d_586
23038,2224,7313,d_587
24337,2327,8111,d_588
29363,3017,10838,d_589
32936,2831,10882,d_590
23144,2041,7787,d_591
23088,2151,7131,d_592
22506,1896,6616,d_593
20926,2028,7188,d_594
24991,2510,8858,d_595
32157,3065,10737,d_596
30901,3190,10195,d_597
22105,2195,7560,d_598
19639,2507,7130,d_599
18408,2195,6462,d_600
19301,2096,7160,d_601
22378,2483,8773,d_602
27922,3211,10756,d_603
27876,2775,10711,d_604
19740,2280,7156,d_605
18975,1942,7062,d_606
18298,2052,6582,d_607
18276,2193,6762,d_608
21928,2555,8173,d_609
27507,2985,10489,d_610
27352,2742,9642,d_611
23833,2522,8486,d_612
24338,2362,7130,d_613
24361,2476,7383,d_614
20913,2434,6728,d_615
24515,2432,7641,d_616
31141,2950,9949,d_617
29673,2757,9442,d_618
24230,2189,7371,d_619
23636,2246,6413,d_620
21331,2020,6618,d_621
21622,2220,6156,d_622
24707,2568,7777,d_623
28872,3042,10312,d_624
29499,2743,9995,d_625
24260,2187,7237,d_626
19213,1973,6683,d_627
18531,2112,6460,d_628
17729,2249,6191,d_629
20116,2380,7215,d_630
24247,2815,9627,d_631
24911,2763,9313,d_632
18082,2117,6513,d_633
17205,2050,6164,d_634
16486,2128,5776,d_635
16225,2094,5993,d_636
21648,2777,7438,d_637
26069,3015,9463,d_638
25456,2812,8916,d_639
18854,2342,6385,d_640
19666,2373,6041,d_641
17521,2001,5453,d_642
20551,2518,7982,d_643
24094,2954,8466,d_644
31396,3307,10376,d_645
29166,2915,10464,d_646
23990,2145,6922,d_647
22357,2029,6128,d_648
21404,2072,6207,d_649
22229,2191,6337,d_650
25947,2413,7362,d_651
30152,3237,9495,d_652
31469,3004,9044,d_653
24447,2202,6564,d_654
20713,2120,5475,d_655
20250,1876,5709,d_656
21876,1967,5870,d_657
22120,2396,7100,d_658
27847,3157,9437,d_659
26083,2609,8884,d_660
20534,2253,6543,d_661
21783,2205,6286,d_662
25814,2195,7199,d_663
16806,1064,4039,d_664
15448,1958,6017,d_665
20047,2335,7634,d_666
22240,2579,7913,d_667
17631,2253,6592,d_668
16702,1927,5860,d_669
16091,1964,5490,d_670
16222,2036,5610,d_671
19942,2471,7976,d_672
28613,3432,10451,d_673
28916,2780,9244,d_674
24834,2661,7842,d_675
20223,2292,6304,d_676
23165,2237,5782,d_677
22771,2134,6219,d_678
23991,2386,7217,d_679
29897,2927,8749,d_680
31226,2877,8423,d_681
22891,2345,5853,d_682
22120,2223,5955,d_683
22416,2300,5300,d_684
20762,2194,5715,d_685
23976,2368,6558,d_686
30620,3105,8665,d_687
28690,2891,8472,d_688
22260,2364,6401,d_689
22052,2257,5945,d_690
23370,2508,5904,d_691
22648,2159,6065,d_692
23188,2795,6865,d_693
28583,2976,8456,d_694
28624,2586,7777,d_695
24903,1865,5855,d_696
11,0,0,d_697
19822,2172,7707,d_698
19236,2183,7667,d_699
21208,2377,8762,d_700
24343,2555,10256,d_701
24322,2352,9025,d_702
25935,2028,7073,d_703
16828,1558,5701,d_704
22648,2145,7391,d_705
26156,2352,7733,d_706
23357,2412,7973,d_707
30987,2784,9516,d_708
32464,2682,8848,d_709
24699,2000,6818,d_710
23130,2041,6049,d_711
22884,1865,4783,d_712
22345,2141,5307,d_713
25522,2416,6538,d_714
33861,2956,9061,d_715
30024,2630,7553,d_716
23223,1968,5423,d_717
23516,1979,5406,d_718
20568,2041,6193,d_719
20109,2248,6013,d_720
22682,2400,7730,d_721
29292,3147,9828,d_722
26056,2612,8373,d_723
21587,2603,6697,d_724
17919,2052,5585,d_725
16904,2954,5736,d_726
16685,2852,5430,d_727
19707,3372,6773,d_728
26805,4286,9602,d_729
25966,3840,8621,d_730
18993,2806,5997,d_731
17484,2919,5146,d_732
16038,2574,4911,d_733
17846,2961,5944,d_734
25582,4200,9294,d_735
34887,5210,10935,d_736
30430,2868,8260,d_737
20219,2551,6222,d_738
22707,2347,6579,d_739
22953,2650,6334,d_740
20991,2199,6509,d_741
24889,2702,7955,d_742
31984,3364,10504,d_743
29611,3886,10413,d_744
25937,3241,7439,d_745
25415,3132,7594,d_746
27334,3334,7883,d_747
21202,2646,6361,d_748
25413,3507,9340,d_749
28916,4454,11787,d_750
29237,3826,11590,d_751
22970,3020,8648,d_752
18853,2695,6700,d_753
20025,2967,7209,d_754
20867,2895,7646,d_755
21138,3329,8096,d_756
27466,4759,10806,d_757
29355,3916,10871,d_758
21493,2985,7542,d_759
18291,2617,6420,d_760
18071,2846,6967,d_761
19375,3278,7721,d_762
24951,4230,10270,d_763
32356,5171,12245,d_764
33910,3380,10957,d_765
24929,2622,8266,d_766
22419,2233,6584,d_767
23062,2271,6695,d_768
21086,2160,6524,d_769
23972,2516,7804,d_770
30868,3347,10674,d_771
29767,3851,10490,d_772
25051,3230,8157,d_773
23643,2832,7317,d_774
21754,2912,7142,d_775
22943,3075,7149,d_776
25947,3506,8048,d_777
28892,4029,10731,d_778
28515,3700,10355,d_779
21001,2928,7436,d_780
19166,2982,6864,d_781
19435,3013,7008,d_782
19562,2914,7166,d_783
21670,3627,7871,d_784
26036,4387,10197,d_785
27124,3294,10215,d_786
20071,2389,7207,d_787
19691,2117,6824,d_788
19087,2621,6550,d_789
20338,2341,6975,d_790
26055,2846,9166,d_791
32020,3315,11075,d_792
24003,2695,7750,d_793
21706,3496,9320,d_794
22632,3612,8398,d_795
23573,3541,8480,d_796
21193,2893,8088,d_797
25379,3771,8906,d_798
31473,4289,11059,d_799
30830,4268,11346,d_800
23785,3075,8157,d_801
23043,3109,7598,d_802
21393,3172,6876,d_803
22549,3243,6900,d_804
24774,3322,7986,d_805
28709,4569,10367,d_806
29264,4249,10477,d_807
23237,3377,7488,d_808
20672,3075,7292,d_809
19375,2775,6665,d_810
18442,3141,6891,d_811
21730,3319,7780,d_812
26066,4384,10407,d_813
25582,3967,10382,d_814
19172,3319,7460,d_815
17401,2876,6782,d_816
17545,3327,6735,d_817
17554,3095,6827,d_818
19704,3522,7980,d_819
22315,3849,9165,d_820
25399,3295,10208,d_821
18096,2097,7252,d_822
18544,2471,7129,d_823
20574,2541,8243,d_824
21954,2313,7474,d_825
25476,2767,8707,d_826
27819,3072,9921,d_827
29669,3751,9783,d_828
24738,3109,7521,d_829
21957,2775,6941,d_830
21410,3038,6898,d_831
22813,3350,6775,d_832
22375,3581,7541,d_833
30396,4903,10086,d_834
25844,3125,8421,d_835
23482,3249,7878,d_836
22246,3273,7366,d_837
23815,3505,7291,d_838
21219,3225,7493,d_839
22988,3395,8299,d_840
26413,4278,10139,d_841
28247,4086,10340,d_842
22301,3219,8126,d_843
19944,3089,7253,d_844
18765,3182,6988,d_845
20410,3304,7188,d_846
22671,3961,8449,d_847
25491,4191,9461,d_848
23971,3579,8499,d_849
23786,3503,8988,d_850
18871,3316,7111,d_851
17287,3140,6540,d_852
18359,2920,6846,d_853
23075,3648,9363,d_854
28849,4518,11441,d_855
31298,4693,11511,d_856
26292,3934,9019,d_857
22851,3188,7770,d_858
24576,3701,7634,d_859
23404,3377,7385,d_860
25723,3645,8234,d_861
30454,4272,9921,d_862
33633,4159,10372,d_863
25646,3338,7785,d_864
24396,3170,7059,d_865
23761,3262,6919,d_866
23801,3499,6888,d_867
27608,3644,8515,d_868
32134,4131,10044,d_869
27319,3783,8588,d_870
23283,3247,7588,d_871
20606,3322,7249,d_872
20674,3312,7084,d_873
21402,3367,7002,d_874
24488,3895,8320,d_875
27911,4409,9956,d_876
29458,3689,10128,d_877
22707,3478,7933,d_878
21243,3256,7104,d_879
20832,3144,6380,d_880
21410,3113,6934,d_881
25490,3365,7898,d_882
31071,4001,9877,d_883
30544,4326,9953,d_884
26314,3728,8674,d_885
26303,3188,7751,d_886
31602,3946,8451,d_887
27106,2883,6794,d_888
28648,3578,8581,d_889
28951,3777,9104,d_890
31319,3548,9757,d_891
26562,3044,7854,d_892
27131,2704,7418,d_893
24293,3000,7286,d_894
25863,3051,7447,d_895
28372,3532,9375,d_896
30521,3675,10989,d_897
32337,3634,10701,d_898
26504,3079,8041,d_899
22897,3257,7783,d_900
22318,3044,7105,d_901
23872,3013,7036,d_902
24589,3375,8230,d_903
27666,4373,9488,d_904
28334,3823,9882,d_905
22238,2834,7131,d_906
21349,3101,6854,d_907
20791,2835,7842,d_908
21528,3066,7222,d_909
24752,3465,8626,d_910
27739,3812,10121,d_911
27807,3508,9165,d_912
21587,3064,7112,d_913
20370,2992,6800,d_914
20925,3214,7116,d_915
25116,3540,8653,d_916
28261,4131,9271,d_917
32470,4312,10323,d_918
30305,3708,10426,d_919
27486,3546,8117,d_920
26383,3079,7232,d_921
25500,2610,6969,d_922
24957,2796,7133,d_923
28796,3280,8623,d_924
30667,3716,10529,d_925
33862,3458,10200,d_926
27951,3123,7679,d_927
25096,2873,7175,d_928
24005,2961,6766,d_929
26910,2904,7829,d_930
26324,3361,8340,d_931
30301,3931,10199,d_932
30396,3629,10869,d_933
24274,2867,8096,d_934
21256,2934,7435,d_935
22326,3130,7177,d_936
21472,2861,7460,d_937
25269,3566,8278,d_938
30500,3850,10486,d_939
33880,4035,10662,d_940
23550,2758,7892,d_941
22994,2823,7146,d_942
22293,3110,7053,d_943
22012,2809,6889,d_944
28387,3753,9481,d_945
32728,4115,11129,d_946
32305,2676,9760,d_947
34391,2580,10101,d_948
27725,2105,7969,d_949
24197,1955,7176,d_950
26048,2087,7290,d_951
28227,2339,8118,d_952
34533,2625,10442,d_953
37186,4095,10459,d_954
29345,2817,7603,d_955
24918,2675,7070,d_956
26313,2859,7023,d_957
26569,3028,7170,d_958
28463,3949,8559,d_959
34404,4049,10713,d_960
35849,4047,11074,d_961
25785,2946,8044,d_962
22579,2937,7055,d_963
21622,2764,6895,d_964
20877,2713,7233,d_965
23911,3495,8875,d_966
30161,4349,11491,d_967
31063,3972,11175,d_968
22380,3243,7161,d_969
21241,3077,6746,d_970
20242,2947,6770,d_971
20733,2926,6989,d_972
23512,3538,8452,d_973
29453,4511,10477,d_974
29944,4012,10440,d_975
21646,3334,7913,d_976
23793,3685,9252,d_977
22848,3446,7606,d_978
25012,3750,8453,d_979
24442,3907,8985,d_980
33455,4104,11218,d_981
34435,4096,11357,d_982
25777,3262,7964,d_983
24139,3310,7095,d_984
24914,3023,6809,d_985
23807,3358,6854,d_986
26630,3492,7971,d_987
31913,4455,10213,d_988
31863,4164,10316,d_989
25771,3472,7593,d_990
23735,2892,6586,d_991
22082,3262,7333,d_992
21028,3152,6358,d_993
22782,3756,7799,d_994
27938,4242,9863,d_995
29137,4211,10004,d_996
21483,3059,7317,d_997
19129,3236,6592,d_998
19365,3572,6588,d_999
19276,3235,6749,d_1000
22628,3476,7773,d_1001
27956,4571,9927,d_1002
26978,4066,9621,d_1003
21653,3273,7132,d_1004
19904,3198,6427,d_1005
21171,3394,6571,d_1006
18964,2588,5482,d_1007
25460,4337,9930,d_1008
31225,4350,11518,d_1009
33754,4429,10190,d_1010
22912,3014,7046,d_1011
24026,3178,6883,d_1012
23798,2982,6250,d_1013
22136,3250,6567,d_1014
24859,3208,7393,d_1015
31660,4227,9830,d_1016
29899,4065,9941,d_1017
26128,3202,7066,d_1018
23272,3063,5940,d_1019
20371,3034,5850,d_1020
20322,3325,5821,d_1021
24493,3898,7384,d_1022
29763,4446,10378,d_1023
28723,3969,9897,d_1024
21947,3286,6877,d_1025
19297,3277,5948,d_1026
18414,3296,6205,d_1027
19361,3052,6286,d_1028
21528,3742,7593,d_1029
26150,4127,9770,d_1030
24928,4243,9275,d_1031
19210,3205,6230,d_1032
21251,3347,6695,d_1033
25127,3593,7419,d_1034
14419,1424,3996,d_1035
15937,2704,7432,d_1036
19287,3604,8655,d_1037
25392,3921,8874,d_1038
26047,3645,7395,d_1039
26438,3934,7652,d_1040
21925,3426,6168,d_1041
24432,3590,7129,d_1042
25910,3667,7322,d_1043
31504,4133,8813,d_1044
28556,3666,8202,d_1045
24558,3092,6003,d_1046
22078,3288,6056,d_1047
22275,2877,5759,d_1048
22776,3284,5609,d_1049
25283,3881,6999,d_1050
28481,4114,8933,d_1051
30129,3673,9295,d_1052
22834,3277,6363,d_1053
21308,3130,5900,d_1054
21815,3829,6048,d_1055
22707,3403,6301,d_1056
21926,3609,6588,d_1057
27088,4507,8879,d_1058
23377,3709,7829,d_1059
24675,3552,7062,d_1060
22944,2722,5411,d_1061
20,0,0,d_1062
21267,3646,7814,d_1063
21485,3833,7777,d_1064
23964,3645,8881,d_1065
23246,3251,7624,d_1066
22107,3327,6859,d_1067
25746,2804,6261,d_1068
16959,2038,4848,d_1069
22152,3633,6868,d_1070
26981,3985,7904,d_1071
30889,4329,9398,d_1072
33305,3707,8290,d_1073
23856,2922,5634,d_1074
22468,2845,5639,d_1075
23783,3073,6117,d_1076
24079,3165,5953,d_1077
22462,3147,7157,d_1078
33828,4205,9765,d_1079
34073,3815,8970,d_1080
23707,3501,6506,d_1081
21919,2775,5529,d_1082
22549,3002,6028,d_1083
22212,2863,6115,d_1084
24220,3787,7233,d_1085
29444,4285,9504,d_1086
27821,3635,8971,d_1087
22041,3268,7397,d_1088
19150,2687,6017,d_1089
18956,3310,5931,d_1090
17900,2741,5603,d_1091
21392,3008,6488,d_1092
27315,3972,9242,d_1093
27873,3798,8526,d_1094
20830,3147,6083,d_1095
16722,2253,5025,d_1096
17223,2474,5286,d_1097
18047,3062,5908,d_1098
23319,4375,8795,d_1099
30569,4261,10503,d_1100
31405,3506,8986,d_1101
26133,3558,7603,d_1102
20953,3254,6370,d_1103
22514,3011,6151,d_1104
23162,3112,6115,d_1105
23379,3483,7393,d_1106
31534,4365,11209,d_1107
33181,3555,11304,d_1108
22641,2893,7613,d_1109
23211,3092,7230,d_1110
25428,3182,8128,d_1111
26663,2989,7831,d_1112
23402,3148,7360,d_1113
29255,4291,11419,d_1114
29007,3536,11289,d_1115
22424,3015,9118,d_1116
20341,2768,7601,d_1117
20114,2681,7616,d_1118
19239,2914,7550,d_1119
21484,3261,8581,d_1120
26444,3910,11134,d_1121
29427,3589,11411,d_1122
21331,2913,7553,d_1123
19748,2959,7018,d_1124
17286,2696,6369,d_1125
18947,2728,7215,d_1126
22126,3314,8758,d_1127
29437,4261,11798,d_1128
31375,4007,11395,d_1129
25177,3418,8606,d_1130
20444,2675,6947,d_1131
21778,2756,6744,d_1132
22628,3166,6868,d_1133
23732,3246,7886,d_1134
28904,3967,10614,d_1135
35651,3678,10761,d_1136
26372,3011,8123,d_1137
24913,2581,7073,d_1138
24854,3050,7038,d_1139
23146,2842,7096,d_1140
25471,3486,7989,d_1141
30233,3880,10595,d_1142
30777,3766,10833,d_1143
21828,2952,7304,d_1144
20277,2772,7046,d_1145
19778,2745,6861,d_1146
19783,2565,6461,d_1147
22445,3093,7664,d_1148
27474,3970,9997,d_1149
30010,3828,10333,d_1150
21814,2817,7212,d_1151
19589,2445,6432,d_1152
18365,2735,5914,d_1153
20291,3102,6817,d_1154
22065,3212,7641,d_1155
27277,3926,9990,d_1156
29286,3683,10187,d_1157
20559,2930,7183,d_1158
22367,3100,8241,d_1159
23418,2854,7427,d_1160
25406,3178,8020,d_1161
24541,3218,7926,d_1162
32344,3963,10469,d_1163
35030,3548,10212,d_1164
26183,2992,7419,d_1165
25383,2731,7134,d_1166
25785,2881,6543,d_1167
23049,2765,7224,d_1168
26533,3447,8459,d_1169
32082,3821,10252,d_1170
32339,3497,10247,d_1171
25187,2723,7841,d_1172
26054,2844,7498,d_1173
23936,2873,7419,d_1174
23347,2953,6893,d_1175
27116,3385,8404,d_1176
33915,4210,9694,d_1177
28310,2990,7634,d_1178
21512,2961,7153,d_1179
20729,2991,6958,d_1180
20706,3165,6566,d_1181
20830,3106,6856,d_1182
23074,3151,7202,d_1183
28761,4018,9598,d_1184
29977,3399,10064,d_1185
21699,2735,7074,d_1186
20737,2634,6494,d_1187
19469,2677,6737,d_1188
22866,2944,8049,d_1189
26782,3498,8671,d_1190
31830,4079,10633,d_1191
31271,3727,10141,d_1192
25077,2938,7805,d_1193
23661,2838,7112,d_1194
22628,2921,6597,d_1195
22511,2957,6351,d_1196
25546,3343,7474,d_1197
30074,3910,8859,d_1198
27298,3361,7521,d_1199
27812,2787,7323,d_1200
24218,2995,6631,d_1201
23780,2752,6285,d_1202
24173,2838,6511,d_1203
23449,3315,7825,d_1204
26750,3802,9467,d_1205
29904,3784,9332,d_1206
22296,3004,7014,d_1207
20432,3015,6479,d_1208
20041,2867,6175,d_1209
21061,2987,6338,d_1210
22806,3349,7270,d_1211
26077,3584,8725,d_1212
24953,3292,7720,d_1213
23030,2845,7584,d_1214
19258,2998,6656,d_1215
18649,2909,6551,d_1216
18571,2714,6404,d_1217
21978,3633,8129,d_1218
27013,3832,9847,d_1219
30257,4128,10217,d_1220
25930,3199,8183,d_1221
26780,3524,8053,d_1222
22674,3108,7117,d_1223
25235,3071,7349,d_1224
26546,3214,7697,d_1225
30926,3759,9662,d_1226
32366,3641,9272,d_1227
28106,2798,7352,d_1228
23602,2984,7072,d_1229
25260,2896,6488,d_1230
25386,3157,6534,d_1231
27105,3540,7711,d_1232
32069,3950,8965,d_1233
31111,3276,8107,d_1234
24640,3177,7386,d_1235
23438,2990,7114,d_1236
22674,2974,6621,d_1237
23023,2899,7198,d_1238
26120,3423,8453,d_1239
28669,4083,9668,d_1240
29067,3612,9781,d_1241
22832,3180,7146,d_1242
20933,2924,6784,d_1243
19372,2806,6643,d_1244
19671,2803,6882,d_1245
22605,3572,7901,d_1246
26545,3709,9676,d_1247
27798,3513,8900,d_1248
22767,3105,7577,d_1249
25368,3478,8893,d_1250
26627,3264,7978,d_1251
33512,4041,9475,d_1252
28079,2983,7531,d_1253
28344,3466,8972,d_1254
32381,3629,9480,d_1255
26648,2918,8069,d_1256
26138,2966,7344,d_1257
27032,2856,7326,d_1258
25171,2864,7144,d_1259
28959,3197,8097,d_1260
33824,3876,9996,d_1261
30968,3488,9219,d_1262
25885,2976,7420,d_1263
25642,2869,7304,d_1264
22519,3238,7254,d_1265
22267,2851,7312,d_1266
24546,3339,8564,d_1267
28496,3807,10177,d_1268
29167,3567,9955,d_1269
22955,2789,7707,d_1270
21800,2752,6960,d_1271
21138,2742,7059,d_1272
21227,2627,6671,d_1273
23070,3136,7642,d_1274
26184,3523,9301,d_1275
28634,3577,10003,d_1276
22052,2794,7786,d_1277
20932,2740,7033,d_1278
20748,2675,6911,d_1279
21259,3038,7543,d_1280
28538,4122,10469,d_1281
32037,4074,10900,d_1282
33206,3977,10389,d_1283
24910,3040,7849,d_1284
25876,2794,7568,d_1285
24627,2894,7026,d_1286
24418,2972,7187,d_1287
27082,3056,8842,d_1288
31427,3604,10227,d_1289
29660,3576,10013,d_1290
25554,2823,7745,d_1291
25925,3134,7613,d_1292
24240,2775,7404,d_1293
24299,2958,7279,d_1294
26603,3247,8408,d_1295
30693,3575,10287,d_1296
32011,3449,11213,d_1297
24256,2948,8175,d_1298
21524,2699,7736,d_1299
21610,2656,7581,d_1300
22176,2747,7476,d_1301
25416,3071,8629,d_1302
30123,3518,11032,d_1303
32701,3634,11108,d_1304
23583,2843,8241,d_1305
21185,2738,7479,d_1306
20049,2646,6811,d_1307
20235,2749,6992,d_1308
24645,3238,9810,d_1309
28541,3735,10961,d_1310
25911,3343,9956,d_1311
29391,3343,10522,d_1312
23928,2941,7430,d_1313
26278,2998,8121,d_1314
21739,2681,7063,d_1315
24910,3428,7628,d_1316
32202,3590,10225,d_1317
32390,3432,10131,d_1318
25246,2685,7649,d_1319
24565,2795,6807,d_1320
22171,2657,6964,d_1321
24581,2733,7166,d_1322
26997,3233,8129,d_1323
32734,3849,10996,d_1324
31956,3434,10357,d_1325
26237,2615,7707,d_1326
21649,2595,6793,d_1327
20181,2775,6875,d_1328
19690,2588,6583,d_1329
23459,3071,8302,d_1330
28253,3954,10825,d_1331
30236,3675,10491,d_1332
21874,2414,7222,d_1333
20101,2554,6755,d_1334
19860,2553,6588,d_1335
19607,2887,7017,d_1336
22516,2996,7615,d_1337
27616,3607,9616,d_1338
29051,3542,10331,d_1339
21374,2691,7408,d_1340
19694,2776,7520,d_1341
22444,3376,8782,d_1342
23469,2880,7900,d_1343
28194,3648,9994,d_1344
31579,4251,11369,d_1345
33934,3569,10858,d_1346
26480,3435,7804,d_1347
23126,2689,7336,d_1348
22984,3023,7178,d_1349
23930,2730,7078,d_1350
23519,3442,8040,d_1351
30005,3947,10609,d_1352
32667,3624,10444,d_1353
23532,2893,7132,d_1354
22727,2994,6730,d_1355
23904,3296,6993,d_1356
20191,3051,6694,d_1357
21996,3577,7857,d_1358
28603,4389,10763,d_1359
29321,3805,10330,d_1360
21668,3076,7489,d_1361
19239,3310,6818,d_1362
18397,3109,6420,d_1363
18717,2942,6847,d_1364
21476,3461,7853,d_1365
26644,4312,9797,d_1366
26729,3788,9680,d_1367
20744,3321,7138,d_1368
18623,3267,6450,d_1369
18432,3122,6009,d_1370
20327,3469,6439,d_1371
21905,3451,7494,d_1372
28502,4592,11155,d_1373
31405,3797,10870,d_1374
26473,3510,8581,d_1375
21275,3276,7401,d_1376
21448,2570,6814,d_1377
23211,2973,7039,d_1378
23216,3382,8165,d_1379
29746,3917,10607,d_1380
33237,3805,10373,d_1381
23987,2971,7491,d_1382
22849,3200,6539,d_1383
22050,2760,5680,d_1384
20171,2766,5774,d_1385
24077,3460,7202,d_1386
30298,4372,9713,d_1387
29793,3878,9845,d_1388
21768,3221,6822,d_1389
19080,2921,6013,d_1390
18792,3134,6121,d_1391
18919,2940,6388,d_1392
21626,3572,7665,d_1393
27628,4267,10507,d_1394
26974,3763,9893,d_1395
21392,2994,7212,d_1396
21890,3161,6837,d_1397
25784,3401,7718,d_1398
16319,1525,4000,d_1399
16985,2709,6660,d_1400
22000,3609,8847,d_1401
24009,3250,8546,d_1402
21873,3964,8468,d_1403
20763,3264,6542,d_1404
22236,3351,7018,d_1405
20851,3241,7424,d_1406
24634,3545,8784,d_1407
29601,4451,9763,d_1408
29168,4006,9353,d_1409
23523,2920,6671,d_1410
23051,3352,6264,d_1411
22292,3365,6241,d_1412
18824,2260,5031,d_1413
23024,3351,7127,d_1414
26728,4026,9282,d_1415
28631,3993,9382,d_1416
24135,3185,6807,d_1417
20667,3125,6144,d_1418
20575,3011,6566,d_1419
22927,3138,6302,d_1420
20091,3322,6421,d_1421
25103,4347,8971,d_1422
25926,3893,8669,d_1423
22904,3454,7378,d_1424
23893,3620,7349,d_1425
21336,2564,5717,d_1426
20,0,0,d_1427
20588,3601,8720,d_1428
20407,3542,8645,d_1429
20663,3049,8182,d_1430
19236,3195,7559,d_1431
19369,2928,7120,d_1432
23280,3048,7122,d_1433
17537,2579,6336,d_1434
25666,4362,9605,d_1435
28020,3540,9525,d_1436
28286,3482,7879,d_1437
24896,3034,6761,d_1438
24039,2862,5781,d_1439
21233,2559,5373,d_1440
21084,2541,5404,d_1441
24722,3210,6453,d_1442
30405,4103,9438,d_1443
31664,3389,10013,d_1444
25343,2948,7283,d_1445
21066,2886,6372,d_1446
21929,2651,6479,d_1447
23072,2890,7101,d_1448
23449,3308,8132,d_1449
30173,4250,10746,d_1450
27364,3655,9705,d_1451
22686,3320,8406,d_1452
18946,2769,6648,d_1453
18680,2966,6463,d_1454
17073,2723,5999,d_1455
21519,3248,7454,d_1456
27447,4280,10454,d_1457
28499,4181,9943,d_1458
20207,3196,6955,d_1459
18547,2792,6534,d_1460
18806,2822,6476,d_1461
18140,3253,6832,d_1462
23064,4163,10213,d_1463
32468,5183,13177,d_1464
27553,3576,9256,d_1465
23799,3132,8075,d_1466
25292,3716,8397,d_1467
22528,3419,8045,d_1468
23002,3795,7850,d_1469
24697,3427,8685,d_1470
33393,4878,12565,d_1471
33980,3982,11757,d_1472
27130,3414,8626,d_1473
23701,3582,8181,d_1474
24383,3413,7905,d_1475
26897,3605,8068,d_1476
24889,3801,8246,d_1477
27659,4119,9836,d_1478
28746,4073,11188,d_1479
23988,3530,9629,d_1480
19768,3275,7654,d_1481
18125,3130,7250,d_1482
18453,3234,7121,d_1483
20872,3678,8569,d_1484
25850,4304,11955,d_1485
26932,4342,12485,d_1486
19673,3177,8672,d_1487
18685,3121,7974,d_1488
17822,3269,8136,d_1489
17921,3271,8031,d_1490
19849,4042,9675,d_1491
26374,4914,12866,d_1492
28980,4606,11600,d_1493
23531,3490,8377,d_1494
23061,3267,8059,d_1495
20843,3301,7630,d_1496
22163,3471,7185,d_1497
24332,3439,8166,d_1498
28690,4599,10940,d_1499
30939,4452,11988,d_1500
24156,3288,8576,d_1501
21362,3182,9053,d_1502
21232,3281,8378,d_1503
22790,3426,8175,d_1504
23662,3547,9414,d_1505
28353,4251,11867,d_1506
32233,4523,12071,d_1507
23103,3575,8817,d_1508
20786,3109,7517,d_1509
19329,3200,7418,d_1510
18970,3090,7309,d_1511
20787,3644,8568,d_1512
26272,4236,11474,d_1513
27824,4331,11859,d_1514
21000,3249,8089,d_1515
17007,3014,6820,d_1516
20386,3342,8267,d_1517
18994,3178,7730,d_1518
20619,3730,8186,d_1519
25981,4675,10875,d_1520
27500,4214,10869,d_1521
20364,3435,8100,d_1522
19656,3256,8044,d_1523
22077,3847,9136,d_1524
22352,3385,8080,d_1525
29325,4384,10399,d_1526
32041,4800,11578,d_1527
27635,3679,10322,d_1528
23578,3816,8821,d_1529
22066,3764,8081,d_1530
22413,3534,8202,d_1531
22856,3308,8273,d_1532
23341,3947,9565,d_1533
28740,4522,12010,d_1534
31177,4156,11847,d_1535
22827,3191,8476,d_1536
22468,3330,7799,d_1537
23119,3486,8085,d_1538
20808,2991,7632,d_1539
21824,2873,8362,d_1540
26782,4385,11349,d_1541
28414,4364,11581,d_1542
20965,3265,8888,d_1543
19239,3317,7671,d_1544
19273,3495,7614,d_1545
19381,3341,7936,d_1546
21930,4015,8478,d_1547
27548,4519,11531,d_1548
28143,4463,10800,d_1549
22109,3412,7923,d_1550
19376,3098,7276,d_1551
18440,3366,6861,d_1552
20054,3318,7181,d_1553
26192,4314,10470,d_1554
31415,4312,11325,d_1555
33010,4315,11777,d_1556
24771,3927,9471,d_1557
23947,3317,7825,d_1558
23769,3626,7901,d_1559
22221,3450,7650,d_1560
24395,4228,8801,d_1561
31497,4508,11264,d_1562
25394,3762,8874,d_1563
24658,3707,8827,d_1564
23653,3392,7988,d_1565
22032,3474,8179,d_1566
21090,3170,7794,d_1567
24383,3832,9549,d_1568
27507,4533,12296,d_1569
28068,4453,11972,d_1570
21915,3453,8928,d_1571
19435,3463,7773,d_1572
19514,3538,8106,d_1573
19400,3442,7759,d_1574
22834,4177,9256,d_1575
24287,4843,10845,d_1576
23145,3952,10329,d_1577
24038,3826,9953,d_1578
19085,3740,8054,d_1579
18855,3340,7902,d_1580
18907,3322,7987,d_1581
20106,3815,9004,d_1582
25104,4316,11518,d_1583
26777,4446,12240,d_1584
23876,4185,10593,d_1585
24951,3441,9032,d_1586
24806,3781,9403,d_1587
22797,3527,8598,d_1588
26735,3790,9364,d_1589
31506,4704,11297,d_1590
32962,4255,11209,d_1591
27594,3448,8880,d_1592
26624,3184,8376,d_1593
23633,3309,8234,d_1594
24558,3166,7861,d_1595
27193,3897,9192,d_1596
29284,4224,11345,d_1597
33602,4038,11341,d_1598
34524,3819,9237,d_1599
21346,2971,7381,d_1600
20254,3331,7893,d_1601
22419,3457,8549,d_1602
24540,3989,9300,d_1603
28664,4491,11100,d_1604
27466,4002,9945,d_1605
22424,3483,8939,d_1606
21517,3183,8371,d_1607
20419,3354,7849,d_1608
21055,3309,8012,d_1609
23007,3730,9208,d_1610
26843,4153,11217,d_1611
27385,4271,11290,d_1612
21250,3798,8880,d_1613
20492,3553,8134,d_1614
23937,4028,10112,d_1615
27128,3988,10728,d_1616
35834,5360,12960,d_1617
25710,3063,8716,d_1618
28844,3940,10748,d_1619
28086,3651,9801,d_1620
25289,3581,8485,d_1621
24232,3670,8147,d_1622
26429,3633,8148,d_1623
26862,3903,9130,d_1624
31624,4501,11280,d_1625
33585,4333,11676,d_1626
26277,3390,9391,d_1627
25155,3257,8419,d_1628
25664,3531,8900,d_1629
24624,3734,9120,d_1630
27650,4118,10079,d_1631
29362,4459,11839,d_1632
30935,4672,12177,d_1633
24475,3568,9504,d_1634
22004,3478,8656,d_1635
21473,3447,8456,d_1636
21974,3554,8667,d_1637
24470,3976,9995,d_1638
27336,4009,11279,d_1639
28447,4058,11687,d_1640
23151,3555,9420,d_1641
21370,3309,8276,d_1642
20647,3006,7940,d_1643
21418,3672,8497,d_1644
25513,4499,11466,d_1645
30788,4947,13415,d_1646
34208,4401,12932,d_1647
29976,4065,11216,d_1648
24605,3559,9494,d_1649
25804,3711,8764,d_1650
25699,3414,8685,d_1651
26559,3615,9963,d_1652
31287,4688,12129,d_1653
34965,4593,12403,d_1654
25278,3565,9481,d_1655
24541,3310,8598,d_1656
25068,3555,8728,d_1657
23609,3608,8838,d_1658
26661,3875,10226,d_1659
31524,4557,12355,d_1660
33402,4407,12731,d_1661
25751,3632,9729,d_1662
22549,3485,9211,d_1663
21440,3569,8698,d_1664
20399,3280,8837,d_1665
23172,3756,10035,d_1666
27509,4736,12835,d_1667
30046,4389,13161,d_1668
22495,3481,9117,d_1669
19432,3357,8506,d_1670
19684,3744,8539,d_1671
20179,3494,8403,d_1672
23083,3765,9403,d_1673
27956,4620,12660,d_1674
30750,4420,13347,d_1675
22742,3705,9438,d_1676
23606,3876,10473,d_1677
23616,3699,9275,d_1678
26022,3595,10002,d_1679
24884,4303,10083,d_1680
31105,4304,12078,d_1681
30802,4051,10395,d_1682
30984,3900,10878,d_1683
24625,3169,8375,d_1684
26091,3465,8546,d_1685
23652,3411,8630,d_1686
26699,3902,9685,d_1687
33062,4516,12525,d_1688
34321,4510,12509,d_1689
25746,3413,8912,d_1690
25522,3406,8497,d_1691
22361,3425,7859,d_1692
22159,3685,8154,d_1693
24862,4099,9728,d_1694
31020,4723,12536,d_1695
33168,4487,12324,d_1696
23952,3350,8843,d_1697
21737,3548,8233,d_1698
21713,3430,8354,d_1699
21615,3390,7962,d_1700
24758,3847,10075,d_1701
30063,4427,12146,d_1702
31061,4435,12117,d_1703
22385,3357,8520,d_1704
19347,3284,7984,d_1705
19656,3527,8087,d_1706
23495,4224,9958,d_1707
28869,4474,11033,d_1708
36094,4930,13663,d_1709
35413,4879,12603,d_1710
29609,3488,9377,d_1711
27077,3397,8381,d_1712
24077,3693,8117,d_1713
25654,3349,8816,d_1714
29016,4278,10301,d_1715
31332,4715,12740,d_1716
33686,4248,11770,d_1717
29101,3754,9385,d_1718
24216,3390,8075,d_1719
23134,3514,7600,d_1720
24750,3629,7974,d_1721
25100,4183,9139,d_1722
30592,5213,12008,d_1723
32013,4768,12183,d_1724
23216,3690,8396,d_1725
21671,3518,7915,d_1726
20943,3854,7614,d_1727
21407,3712,7651,d_1728
24514,4313,9194,d_1729
28678,4977,11351,d_1730
29898,4958,11323,d_1731
22443,3837,8812,d_1732
20743,4036,7540,d_1733
19954,3551,7762,d_1734
21181,4070,7981,d_1735
25171,4700,10643,d_1736
26863,4888,10992,d_1737
29443,4745,12806,d_1738
23514,3797,9146,d_1739
24325,4017,9655,d_1740
20142,3646,8314,d_1741
22225,4013,8437,d_1742
25362,4325,9934,d_1743
30094,4681,12566,d_1744
31634,4932,11845,d_1745
25378,3402,8135,d_1746
21722,3666,7986,d_1747
21893,3705,7740,d_1748
22543,3551,7148,d_1749
23272,4198,8725,d_1750
30514,4746,12082,d_1751
33444,4605,11706,d_1752
23385,3907,8443,d_1753
18746,3563,6865,d_1754
20550,3765,7845,d_1755
20554,3942,7869,d_1756
24562,4424,9371,d_1757
27164,4498,11131,d_1758
28639,4817,11469,d_1759
22584,3819,8737,d_1760
22388,3901,7933,d_1761
27049,4187,8888,d_1762
16789,1631,5211,d_1763
16847,3248,7486,d_1764
20830,4060,9322,d_1765
23727,4057,9998,d_1766
19997,3796,8223,d_1767
21368,4193,9257,d_1768
21893,3620,8219,d_1769
23910,4478,9641,d_1770
23329,4397,10461,d_1771
29867,5287,11871,d_1772
31794,4919,11702,d_1773
23267,3637,8504,d_1774
21889,3590,7434,d_1775
22372,3627,7691,d_1776
20841,3738,7580,d_1777
23632,4209,8502,d_1778
29677,4973,11325,d_1779
29546,4738,10849,d_1780
25062,3876,8584,d_1781
24296,3761,8073,d_1782
22432,3861,7830,d_1783
23600,3955,7899,d_1784
22330,4142,8284,d_1785
27459,5001,11028,d_1786
27441,4878,10692,d_1787
22816,4015,8691,d_1788
23904,3966,8742,d_1789
25401,4271,9080,d_1790
24801,3408,8018,d_1791
13,0,1,d_1792
22488,4977,10912,d_1793
21520,4092,9766,d_1794
18407,3428,8129,d_1795
19586,3607,8700,d_1796
21653,3686,8788,d_1797
28448,4199,10412,d_1798
21078,3182,8391,d_1799
27822,4951,11964,d_1800
29314,3860,11166,d_1801
23620,3742,9331,d_1802
23769,3327,8210,d_1803
22361,3240,7084,d_1804
24445,3327,8172,d_1805
26351,3772,8813,d_1806
35798,4836,12246,d_1807
32270,4378,10721,d_1808
27101,3209,7676,d_1809
24972,3040,7110,d_1810
22345,3017,6869,d_1811
24669,3421,7766,d_1812
28620,3730,9440,d_1813
34155,4724,12267,d_1814
30334,4133,11066,d_1815
25872,3329,9139,d_1816
21864,3048,7076,d_1817
21667,3399,7618,d_1818
20893,3374,7512,d_1819
23987,3763,8557,d_1820
31424,4812,12691,d_1821
31610,4107,12115,d_1822
22259,3505,8625,d_1823
19981,3040,7425,d_1824
20132,3596,7621,d_1825
21111,3420,7935,d_1826
24055,3978,9606,d_1827
30863,5139,13102,d_1828
32698,5154,12979,d_1829
26690,4104,10920,d_1830
23333,3304,8291,d_1831
26298,3733,9309,d_1832
23300,3597,8527,d_1833
26722,4039,9432,d_1834
37412,5097,12531,d_1835
32421,4086,10386,d_1836
25144,3171,8489,d_1837
26372,3593,8548,d_1838
26112,3625,9616,d_1839
30452,3896,10236,d_1840
30248,3835,10139,d_1841
35686,4965,13064,d_1842
32998,4103,11236,d_1843
31682,3593,10877,d_1844
25542,3546,8614,d_1845
24359,3394,8792,d_1846
23740,3603,9093,d_1847
26388,3938,10066,d_1848
32750,4904,13203,d_1849
34196,4528,13357,d_1850
24198,3693,9437,d_1851
22133,3295,8553,d_1852
21961,3304,8803,d_1853
22406,3314,8895,d_1854
24208,3957,9484,d_1855
31067,4389,12431,d_1856
32834,4884,13197,d_1857
24087,3449,9723,d_1858
23458,3513,9565,d_1859
25150,3813,9495,d_1860
27241,3860,10358,d_1861
25878,3703,9744,d_1862
35200,4636,12486,d_1863
38547,4879,13792,d_1864
27978,3356,9228,d_1865
26276,3240,8211,d_1866
25601,3203,8228,d_1867
25491,3787,8989,d_1868
27897,3333,9657,d_1869
34734,4810,13167,d_1870
34710,4229,12482,d_1871
29086,3593,9356,d_1872
27703,3552,8862,d_1873
24605,3621,8380,d_1874
23502,3218,8289,d_1875
26455,3794,9403,d_1876
29999,4735,11447,d_1877
31758,4006,12061,d_1878
24910,3342,9108,d_1879
24242,3140,8093,d_1880
23262,3422,8102,d_1881
22874,3352,7777,d_1882
30906,4230,10475,d_1883
37135,4476,12252,d_1884
32236,3643,10481,d_1885
23285,3555,9201,d_1886
22191,3446,8220,d_1887
21017,3333,8009,d_1888
22127,3421,9133,d_1889
28627,4790,12119,d_1890
34284,4863,13525,d_1891
37633,4903,13889,d_1892
27025,3661,9732,d_1893
27243,3477,8963,d_1894
27238,3379,8517,d_1895
25655,3443,9018,d_1896
29449,4066,9705,d_1897
38334,4739,13267,d_1898
36446,4525,12885,d_1899
29091,3716,9620,d_1900
27424,3384,8261,d_1901
23888,3557,7748,d_1902
25456,3786,8287,d_1903
28682,3786,9321,d_1904
32007,4634,11721,d_1905
34497,4820,12323,d_1906
26151,3323,8585,d_1907
24948,3787,8835,d_1908
23632,3472,8239,d_1909
23317,3353,8363,d_1910
26704,4085,9728,d_1911
31927,4787,12248,d_1912
32654,4683,12458,d_1913
25953,3782,9058,d_1914
23519,3645,8323,d_1915
22872,3730,7843,d_1916
22915,3742,8075,d_1917
27668,4085,11143,d_1918
32723,5214,12492,d_1919
35369,4858,12805,d_1920
29142,4059,9980,d_1921
29594,4373,10347,d_1922
27199,3708,8694,d_1923
28193,3802,8768,d_1924
30407,3879,9519,d_1925
36752,5003,12484,d_1926
31835,4062,9712,d_1927
32906,3895,9599,d_1928
27331,3588,8460,d_1929
29303,3817,9128,d_1930
28142,3706,8655,d_1931
30107,3871,10095,d_1932
36576,4893,12839,d_1933
41447,5016,13458,d_1934
29158,3528,9676,d_1935
26148,3629,9000,d_1936
24790,3740,8566,d_1937
24737,3475,8751,d_1938
28136,4143,10273,d_1939
33599,5333,12586,d_1940
35967,5280,13091,d_1941
