group,feature,purpose,data_source,why_it_may_help,evidence_from_eda,potential_risk_leakage,priority
TEMPORAL,day_of_week (weekday),Capture weekly demand cycle,calendar.csv (joined),Sales differ systematically by day of week,"Weekend mean sales 1.361 vs weekday-only mean 1.038 units, a +31.1% difference (Phase 4). Consistent across all 3 categories (Phase 4 weekday x category table).",None - calendar date is known for the entire 28-day forecast horizon in advance.,High
TEMPORAL,is_weekend,Simplified binary version of day-of-week,calendar.csv (joined),Captures the dominant Sat/Sun step-change in one binary flag,Same weekend vs weekday +31.1% evidence as day_of_week (Phase 4).,None - known in advance.,Medium
TEMPORAL,month,Capture broad seasonal (monthly) demand shifts,calendar.csv (joined),Some months sell more than others,Highest month (Aug) vs lowest (Dec): 8.99% difference in mean sales (Phase 4). Real but modest compared to the weekday effect.,None - known in advance.,Medium
TEMPORAL,week_of_year,Finer-grained seasonal pattern than month,calendar.csv (joined),May capture within-month seasonal detail (e.g. late-summer peak around week 36),"Mean sales range from 0.944 (week 52) to 1.231 (week 36) across the year (Phase 4) - about a 23% spread, but only 5 years of data to learn 52 levels from.",Risk of overfitting with high cardinality (52 levels) relative to only ~5 observed years per week. None from a pure availability standpoint - known in advance.,Low
TEMPORAL,year / time trend,Capture long-run growth or decline,calendar.csv (joined),Long-term trend visible in daily totals,"Yearly total sales rose from 2011-2015 (Phase 4), but active-series count also rose from 16,762 to 30,474 over the same period - the apparent growth is at least partly a composition effect (more items listed), not proven organic per-item growth (Phase 4 composition check).",HIGH: raw categorical 'year' will contain values (2017+) never seen in training - cannot be used as a plain category. A continuous time index would generalize better but still risks conflating listing growth with real trend. Needs team discussion before use.,Low
LAG,lag_1 (sales 1 day before forecast origin),Capture most recent demand level,sales_long_full.parquet (self),Yesterday's sales is the single strongest predictor found in this EDA,Pearson r = 0.768 with same-day sales - the highest of all lags tested (Phase 9).,"HIGH: only safe when computed relative to the forecast ORIGIN date, not per-target-day. In a direct 28-day-ahead model, 'lag_1 relative to each of the 28 target days' would require already knowing near-future sales - that is leakage. Safe only for a recursive (day-by-day) forecasting strategy or for the h=1 target.",High (with the origin-relative caveat)
LAG,lag_7,Capture same-weekday demand a week ago,sales_long_full.parquet (self),Controls for day-of-week while looking at recent history,Pearson r = 0.720 with same-day sales (Phase 9).,Same origin-relative caveat as lag_1 - safe only relative to the forecast origin or within a recursive strategy.,High (with caveat)
LAG,lag_14,Capture bi-weekly demand echo,sales_long_full.parquet (self),Secondary recent-history signal,Pearson r = 0.689 with same-day sales (Phase 9).,Same origin-relative caveat as lag_1/lag_7.,Medium
LAG,lag_28 (relative to forecast origin),Capture demand from exactly one horizon-length ago,sales_long_full.parquet (self),The only single lag that is naturally available for EVERY one of the 28 target days from a fixed origin,Pearson r = 0.672 with same-day sales - still strong despite the longer gap (Phase 9).,LOW leakage risk when defined as (origin date - 28 days) and held constant across the whole 28-day horizon - this is the safest lag for a direct multi-horizon model.,High
ROLLING,rolling_mean_7 (as of origin),Smooth recent noise into a stable demand-level estimate,sales_long_full.parquet (self),Strongest single relationship found in this entire EDA,Pearson r = 0.820 with same-day sales - higher than any raw lag (Phase 9).,"HIGH: must be computed using only days up to and including the forecast origin, then held constant across all 28 target days - never recomputed using dates inside the forecast horizon.",High
ROLLING,rolling_mean_28 (as of origin),Longer-window stable demand-level estimate,sales_long_full.parquet (self),Nearly as strong as the 7-day window and more stable for sparse series,Pearson r = 0.807 with same-day sales (Phase 9).,Same as rolling_mean_7 - origin-only window required.,High
ROLLING,rolling_std_7 / rolling_std_28,Capture recent demand volatility,sales_long_full.parquet (self),"Series volatility varies a lot (per-series coefficient of variation), which plain mean-based features do not capture","Series-level CV is highly dispersed - a meaningful share of series have CV > 2 (Phase 2, series_level_sales_stats.csv). Not yet correlated directly against sales in this EDA.",Same origin-only window requirement as the rolling means. Not yet evidence-tested for direct correlation with the target - flagged for follow-up.,Medium
DEMAND,days_since_last_sale (as of origin),Capture how long a series has been in a dry spell,sales_long_full.parquet (self),The single cleanest relationship found in the whole EDA,P(sale today) falls from 65.2% (sold yesterday) to 38.3% (1-3 days dry) to 22.2% (4-7) to 12.7% (8-14) to 6.2% (15-28) to 0.6% (29+ days dry) - a near-monotonic staircase (Phase 9).,"LOW risk if computed strictly using history up to the origin date (a simple running count, no future data involved).",High
DEMAND,"zero_streak_length (current, as of origin)",Same underlying signal as days_since_last_sale in run-length form,sales_long_full.parquet (self),Directly usable for intermittent-demand-aware modeling approaches,"Zero-run lengths are highly right-skewed: median 2 days, mean 6.08 days, p99 = 52 days, max 1845 days (Phase 3). Streak length varies meaningfully by category/department (Phase 3, zero_streak_by_department.csv).",Same as days_since_last_sale - must use only pre-origin history.,High
DEMAND,"recent_nonzero_rate (e.g. pct nonzero days in last 28, as of origin)",Capture a series' recent activity level in a single normalized number,sales_long_full.parquet (self),Complements rolling_mean by focusing on frequency rather than volume - useful for very low-volume series where the mean is close to zero anyway,"Directly related to the per-series zero% distribution documented in Phase 3 (mean 68.0%, std 22.3%, full distribution in series_zero_pct.csv).",LOW risk if computed on a trailing window ending at the origin (not the full series).,High
DEMAND,activity_class / historical zero% (series-level descriptor),Assign each series to a broad demand-regularity segment for potential hierarchical or segment-specific modeling,sales_long_full.parquet (self) + Phase 3 quartile thresholds,Series behave very differently and this groups them,"7,629 series are 'High-activity', 15,267 'Regular/intermittent', 6,103 'Sparse', 1,491 'Extremely sparse' (Phase 3 classification, thresholds at the p25/p75/p95 of the zero% distribution).",HIGH risk if computed using the ENTIRE series history (including the forecast period) - must be computed using only history available up to the origin date to avoid leaking the target period's own behavior into its own segment label.,Medium
PRICE,current_price / price on target day,Direct price-demand relationship,sell_prices.csv (joined),Price is one of the few genuinely forward-known variables in this dataset,sell_prices.csv covers weeks beyond the processed table's last day (d_1941) per the processing report - Walmart prices are set in advance.,LOW leakage risk (price is legitimately known ahead of time) BUT this processed dataset (sales_long_full.parquet) does not yet include the future weeks' prices - a separate join against sell_prices.csv for the forecast horizon would be needed.,Medium
PRICE,price_relative_to_recent_average,Normalize price within an item so cross-item scale differences don't dominate,sales_long_full.parquet (self),Shows a much clearer relationship with demand than raw price once item scale is controlled for,"Mean sales by relative-price bin: 2.34 units at <0.85x the item's own average price, falling to 1.29 units at 1.0-1.05x, before an unexplained uptick at 1.05-1.15x (1.56) (Phase 7). Directionally consistent with basic price-demand intuition for the common range, but not perfectly monotonic - flagged for team discussion.",HIGH risk if the 'item's own average price' is computed over the FULL series history (including the forecast period) - must use an expanding or trailing average computed only from history up to the origin.,Medium
PRICE,price_change / price_change_pct,Test whether a recent price move is associated with a demand shift,sales_long_full.parquet (self),Hypothesized demand-shock signal in the absence of an explicit promotion field,"Sales rose both after price INCREASES (+70.98% mean, Phase 7) and after price DECREASES (+48.47% mean, Phase 7), while the MEDIAN change in both directions was 0%. This pattern is inconsistent with a simple 'lower price leads to more sales' story and suggests price changes often co-occur with other demand-moving events rather than causing the lift themselves.","MEDIUM: this is a correlational, exploratory finding only - there is no promotion field to confirm causality. Using it as a hard feature risks encoding a spurious/confounded signal. Must be clearly labeled a hypothesis if used.",Low (as a direct feature) / worth further investigation
EVENT,event_name (specific holiday identity),"Capture the large, event-specific effects the aggregate event flag hides",calendar.csv (joined),Individual named events have very large and very different effects that a single binary flag averages away,"Christmas -99.95% vs local baseline, Thanksgiving -29.9%, NewYear -20.4%, Mother's day -12.5%, but LaborDay +27.5%, ColumbusDay +9.6% (Phase 5, event_name_aggregated_lift.csv, 30 named events).",None - the calendar (including all events) is known for the entire 28-day forecast horizon in advance.,High
EVENT,"is_event_day (any event, binary)",Simple flag for 'something calendar-notable is happening',calendar.csv (joined),Cheap baseline event signal,"Weak in aggregate: event-day mean sales are actually 4.6% LOWER than non-event days overall (Phase 5) - masking the large but offsetting effects of individual events (some strongly negative like Christmas, some positive like LaborDay).",None - known in advance. Low standalone value given how much it averages away; better used alongside event_name.,Low
EVENT,event_type_1,Group events into broad types (Sporting/Cultural/National/Religious),calendar.csv (joined),Coarser grouping that might generalize better to rare events than exact event_name,"Mean sales by type: Sporting 1.174, Cultural 1.139, Religious 1.129, National 0.966 vs non-event baseline 1.135 (Phase 5) - a real but modest spread.",None - known in advance.,Low
EVENT,event_proximity (days to/from nearest event),Capture pre/post-event demand build-up or hangover,calendar.csv (joined),Some holiday shopping patterns build up over several days rather than landing only on the exact date,Not directly tested in this EDA - flagged as an untested hypothesis for follow-up analysis before adoption.,"None expected (calendar-derived), but the underlying effect is UNVERIFIED - do not treat as evidenced until tested.",Low (pending further evidence)
SNAP,snap indicator (state-specific: snap_CA/snap_TX/snap_WI matched to the row's own state),Capture the state-level SNAP benefit calendar's effect on food spending,calendar.csv (joined),"SNAP effect is real, sizeable, and concentrated exactly where it should be (food)","Overall SNAP-day sales +12.7% vs non-SNAP (Phase 6). Effect is strongest in FOODS (+17.3%) and specifically FOODS_2 (+32.3%), much weaker in HOBBIES (+2.5%) and HOUSEHOLD (+3.5%) - a pattern that matches how SNAP benefits are actually meant to be used, a good internal consistency check (Phase 6).","None - the SNAP calendar is published in advance, same as other calendar fields.",High
PRODUCT/ACTIVITY,days_since_first_listing / active-series indicator (as of origin),Distinguish genuine pre-listing 'not yet available' periods from ordinary intermittent demand,sales_long_full.parquet (self) - first date with a non-null sell_price,"Strong, specific evidence that leading zero-runs are structurally different from later zero-runs","For series with a leading zero block, the gap until first sale lines up almost exactly with the gap until first available price: median difference of only 3 days, and 99.48% of series are within 7 days (Phase 3, series_leading_zero_and_price_gap.csv). This is the strongest evidence in the whole EDA for treating early-life zeros differently from later intermittent zeros.",LOW risk - first_priced_date is a historical fact fixed before the origin date in almost all practical cases (item introductions in the forecast horizon itself would need care).,High
PRODUCT/ACTIVITY,category / department / store / state (static hierarchy fields),"Let the model share statistical strength within, and distinguish behavior across, hierarchy groups",sales_long_full.parquet (self),Substantial and consistent behavioral differences exist across every level of the hierarchy,"Zero% ranges from 58.6% (FOODS_3) to 88.4% (HOBBIES_2) by department (Phase 3). Mean sales, seasonality_cv (p50 0.26 vs p90 0.56, Phase 8), SNAP sensitivity, and event sensitivity all vary materially by category/department/store (Phases 2,3,4,5,6,8).","None - static identifiers, always known.",High
PRODUCT/ACTIVITY,"seasonality_cv (per-series, as of origin)",Identify which series are strongly seasonal vs flat,sales_long_full.parquet (self) - CV of monthly mean sales,Lets a model or segmentation strategy treat highly seasonal items differently from steady sellers,"Per-series seasonality CV spans a wide range: p10=0.136, p50=0.263, p90=0.557 (Phase 8) - genuine heterogeneity, not a uniform pattern.",HIGH risk if computed on the full series history (including the forecast period) - must be computed using only pre-origin history.,Medium
