id,event_sensitivity_abs_diff,price_sales_corr,cat_id,volume_tier
FOODS_1_002_CA_2_evaluation,-0.01190569158792254,0.18915805149600998,FOODS,Mid-volume
FOODS_1_004_CA_1_evaluation,0.37460687079804345,-0.14729615709812235,FOODS,High-volume
FOODS_1_004_TX_1_evaluation,1.137749632606119,-0.17430398669930922,FOODS,High-volume
FOODS_1_008_CA_4_evaluation,-0.056102998076062977,0.02575097290124341,FOODS,Mid-volume
FOODS_1_021_CA_4_evaluation,-0.33052670438813836,,FOODS,High-volume
FOODS_1_025_CA_4_evaluation,-0.05780685375948663,-0.06478394561390144,FOODS,Mid-volume
FOODS_1_033_TX_2_evaluation,-0.006414306708221809,-0.03592961666711429,FOODS,Low-volume
FOODS_1_034_WI_1_evaluation,-0.0707739054502084,-0.38741889063046286,FOODS,Mid-volume
FOODS_1_035_CA_2_evaluation,0.3151813541393045,0.30186734565808027,FOODS,High-volume
FOODS_1_035_TX_3_evaluation,0.05742703593005674,0.23700855550719638,FOODS,Low-volume
FOODS_1_041_CA_4_evaluation,0.04081444301667647,0.10310264997309725,FOODS,Mid-volume
FOODS_1_044_WI_2_evaluation,0.0941593247051975,-0.21557445880923456,FOODS,High-volume
FOODS_1_048_TX_1_evaluation,0.050203397772208724,,FOODS,Mid-volume
FOODS_1_049_TX_2_evaluation,0.020801238135129962,-0.14956605796555142,FOODS,Mid-volume
FOODS_1_061_CA_4_evaluation,0.12890733154901768,-0.07832277562122787,FOODS,High-volume
FOODS_1_063_CA_2_evaluation,-0.07571153723279633,-0.11396605805230216,FOODS,High-volume
FOODS_1_064_WI_1_evaluation,-0.16760615375877663,-0.1159525191472838,FOODS,High-volume
FOODS_1_069_CA_4_evaluation,-0.06143109678610226,-0.0441405185362987,FOODS,Mid-volume
FOODS_1_073_TX_1_evaluation,-0.04529061388500394,0.012921830720466987,FOODS,Mid-volume
FOODS_1_073_TX_2_evaluation,0.08545546192237519,-0.1806577157225538,FOODS,Mid-volume
FOODS_1_075_TX_2_evaluation,0.14657773486585685,-0.03450970567310855,FOODS,Mid-volume
FOODS_1_083_WI_3_evaluation,-0.17967158181702025,-0.022417551635925827,FOODS,High-volume
FOODS_1_086_WI_2_evaluation,-0.3398943609476279,-0.18781176629650587,FOODS,High-volume
FOODS_1_095_TX_3_evaluation,-0.025550735852673312,-0.18332997242427118,FOODS,High-volume
FOODS_1_099_TX_2_evaluation,0.06138140099533551,-0.0875855993786071,FOODS,High-volume
FOODS_1_103_TX_2_evaluation,-0.01072364170754736,-0.04419791268105355,FOODS,High-volume
FOODS_1_109_WI_3_evaluation,-0.11619230851146911,-0.029225799419409212,FOODS,Mid-volume
FOODS_1_119_TX_2_evaluation,0.055503098887524194,0.08300676480493074,FOODS,Low-volume
FOODS_1_119_TX_3_evaluation,-0.005147064043675487,0.06865302023304035,FOODS,Low-volume
FOODS_1_128_TX_1_evaluation,-0.12525824062701885,-0.14881506762234645,FOODS,Mid-volume
FOODS_1_131_CA_1_evaluation,-0.019008639968194657,-0.16370753386791378,FOODS,Mid-volume
FOODS_1_136_WI_3_evaluation,-0.04655785654955025,-0.1373461378468965,FOODS,Low-volume
FOODS_1_137_TX_3_evaluation,-0.07182106675564581,0.025862694227095733,FOODS,High-volume
FOODS_1_138_CA_4_evaluation,0.014692205570188244,-0.11374451726923762,FOODS,Mid-volume
FOODS_1_138_TX_3_evaluation,0.09356297521599921,-0.032826995251232796,FOODS,Low-volume
FOODS_1_145_CA_1_evaluation,-0.06329823863918738,,FOODS,High-volume
FOODS_1_156_TX_1_evaluation,0.11502445742845585,-0.018143061377353314,FOODS,Mid-volume
FOODS_1_167_WI_1_evaluation,-0.01726573759202593,-0.2598478428133763,FOODS,Mid-volume
FOODS_1_168_TX_1_evaluation,0.07933578025941201,-0.01895219372764876,FOODS,Mid-volume
FOODS_1_172_CA_4_evaluation,-0.013130337860383201,-0.1734618253781389,FOODS,High-volume
FOODS_1_177_CA_3_evaluation,0.012193217234500286,-0.008723670356766902,FOODS,High-volume
FOODS_1_178_CA_3_evaluation,-0.0391105873332529,-0.04895906821743632,FOODS,High-volume
FOODS_1_178_TX_2_evaluation,0.016442207345037874,-0.0706195614176557,FOODS,Mid-volume
FOODS_1_182_CA_1_evaluation,-0.02513542102983879,-0.004245063179669105,FOODS,Mid-volume
FOODS_1_200_WI_2_evaluation,-0.21055396607907317,,FOODS,High-volume
FOODS_1_209_CA_1_evaluation,-0.09971815387236704,-0.04181419983990203,FOODS,Mid-volume
FOODS_1_209_WI_2_evaluation,-0.12334495268250784,0.005743183312263578,FOODS,Mid-volume
FOODS_1_211_TX_1_evaluation,-0.00946704814102245,0.06851529422391817,FOODS,Low-volume
FOODS_2_003_CA_3_evaluation,0.1555762226939379,-0.04002897552479491,FOODS,High-volume
FOODS_2_009_WI_2_evaluation,0.09034339791419677,0.07790203677737273,FOODS,High-volume
FOODS_2_016_CA_3_evaluation,-0.021827101244524805,-0.1144743303509312,FOODS,High-volume
FOODS_2_032_WI_2_evaluation,-0.6070979788011952,-0.3640361753640581,FOODS,High-volume
FOODS_2_038_WI_3_evaluation,-0.08346763029171422,0.014564575542354382,FOODS,High-volume
FOODS_2_044_CA_1_evaluation,-0.1462760104219173,-0.05488024482530565,FOODS,High-volume
FOODS_2_050_TX_1_evaluation,-0.015334701150812535,,FOODS,Mid-volume
FOODS_2_051_CA_1_evaluation,-0.10801025153169541,0.01953668482384771,FOODS,High-volume
FOODS_2_055_WI_3_evaluation,-0.15068828670211643,-0.1852610235460502,FOODS,High-volume
FOODS_2_072_WI_2_evaluation,-0.19915943119617763,-0.12088121068373968,FOODS,High-volume
FOODS_2_074_TX_3_evaluation,-0.21905194630014824,-0.10036893024382525,FOODS,High-volume
FOODS_2_080_TX_2_evaluation,-0.27812959242352164,-0.35725824222234825,FOODS,High-volume
FOODS_2_085_TX_3_evaluation,0.10971765691445945,-0.2239292206856277,FOODS,Mid-volume
FOODS_2_085_WI_1_evaluation,0.05698332351249846,-0.1668731195319414,FOODS,Mid-volume
FOODS_2_090_CA_4_evaluation,-0.041265254832915654,,FOODS,Low-volume
FOODS_2_103_TX_1_evaluation,0.16752451067394591,0.026884948056763412,FOODS,High-volume
FOODS_2_110_WI_2_evaluation,-0.1185422094748575,,FOODS,Mid-volume
FOODS_2_113_TX_1_evaluation,-0.06707511873744296,-0.044351160905436976,FOODS,Low-volume
FOODS_2_114_CA_2_evaluation,-0.037101457506549196,,FOODS,Low-volume
FOODS_2_116_CA_4_evaluation,-0.2699617342411096,0.010761399319474776,FOODS,High-volume
FOODS_2_117_CA_2_evaluation,-0.003446758059592353,,FOODS,Low-volume
FOODS_2_124_WI_1_evaluation,0.005963494891982668,-0.11590589909398007,FOODS,Mid-volume
FOODS_2_139_CA_3_evaluation,-0.33613167964673396,0.12017251955085319,FOODS,High-volume
FOODS_2_140_TX_1_evaluation,0.08273284252823787,-0.46216545140972437,FOODS,Mid-volume
FOODS_2_149_TX_1_evaluation,0.23178116813505878,-0.06030903768686172,FOODS,High-volume
FOODS_2_159_WI_3_evaluation,0.0076034559872778795,-0.08009904375002759,FOODS,Low-volume
FOODS_2_177_CA_2_evaluation,-0.04736008860049555,,FOODS,Low-volume
FOODS_2_191_WI_1_evaluation,-0.034616667968223096,0.06081495211408955,FOODS,Low-volume
FOODS_2_208_CA_3_evaluation,-0.015189163477853485,-0.1363050982333722,FOODS,Mid-volume
FOODS_2_218_WI_3_evaluation,0.04813037335737666,-0.18032297365016328,FOODS,Low-volume
FOODS_2_219_CA_4_evaluation,0.03103502133369307,-0.09860664661975153,FOODS,Mid-volume
FOODS_2_222_WI_1_evaluation,-0.4531865650979361,0.28281540106814895,FOODS,High-volume
FOODS_2_228_CA_4_evaluation,-0.008742909475567412,-0.12409950875502498,FOODS,Low-volume
FOODS_2_236_WI_2_evaluation,-0.07629368792463298,0.009806732644540371,FOODS,High-volume
FOODS_2_249_WI_2_evaluation,-0.17147887573922488,0.11295756155669774,FOODS,Mid-volume
FOODS_2_254_TX_3_evaluation,-0.050725203575257186,-0.1759374157098573,FOODS,Low-volume
FOODS_2_254_WI_3_evaluation,0.03219577301802537,-0.1294467110732251,FOODS,Low-volume
FOODS_2_266_WI_1_evaluation,-0.016477704338442534,-0.13323931664563698,FOODS,Mid-volume
FOODS_2_270_CA_1_evaluation,0.083449881795012,-0.02177343367457289,FOODS,Mid-volume
FOODS_2_275_CA_4_evaluation,0.057079165394691045,-0.045977840552651736,FOODS,Mid-volume
FOODS_2_279_TX_3_evaluation,0.021248500252028735,-0.04650141977020116,FOODS,Mid-volume
FOODS_2_296_CA_1_evaluation,-0.03839709776581926,-0.01634417653601409,FOODS,Mid-volume
FOODS_2_307_CA_3_evaluation,0.3893700703550411,0.08692985794683575,FOODS,High-volume
FOODS_2_316_CA_3_evaluation,-0.092540661805945,0.31627609017195235,FOODS,High-volume
FOODS_2_341_WI_1_evaluation,0.0425182987001001,-0.05493550436320684,FOODS,Mid-volume
FOODS_2_354_CA_4_evaluation,-0.03365824914629731,0.06261006120901837,FOODS,Low-volume
FOODS_2_361_TX_1_evaluation,-0.0440162718217767,-0.009580243858940322,FOODS,Mid-volume
FOODS_2_362_CA_4_evaluation,-0.015384396941579047,-0.14441769478986494,FOODS,Low-volume
FOODS_2_376_WI_2_evaluation,-0.057008171407881725,-0.021731379522149177,FOODS,Mid-volume
FOODS_2_377_WI_3_evaluation,-0.005867653009790058,-0.08203500903461804,FOODS,Low-volume
FOODS_2_381_CA_4_evaluation,-0.1633926606416436,-0.17510475851570065,FOODS,High-volume
FOODS_2_387_WI_1_evaluation,0.0066414874660116335,,FOODS,Low-volume
FOODS_2_392_CA_3_evaluation,-0.06557714561576639,,FOODS,Mid-volume
FOODS_2_392_TX_1_evaluation,-0.04875157074195818,,FOODS,Mid-volume
FOODS_3_009_TX_2_evaluation,0.009115627906316315,,FOODS,Low-volume
FOODS_3_019_TX_2_evaluation,-0.08231397800606288,0.05720315177753129,FOODS,Mid-volume
FOODS_3_047_CA_4_evaluation,-0.05946101365214368,,FOODS,Low-volume
FOODS_3_048_TX_1_evaluation,-0.10783276656467189,-0.01414689781356432,FOODS,High-volume
FOODS_3_054_WI_3_evaluation,0.15882064789112382,-0.44288375985336426,FOODS,High-volume
FOODS_3_066_CA_3_evaluation,0.36660584848463307,0.18708324955175645,FOODS,High-volume
FOODS_3_068_CA_2_evaluation,-0.09185202013389465,-0.2432124640987113,FOODS,Mid-volume
FOODS_3_070_CA_4_evaluation,0.11536167886580007,-0.0763854849655002,FOODS,High-volume
FOODS_3_072_WI_3_evaluation,-0.034460481197242585,0.025216827796308273,FOODS,Low-volume
FOODS_3_078_WI_1_evaluation,-0.043047203901829534,,FOODS,Mid-volume
FOODS_3_079_CA_2_evaluation,-0.11177648253192962,0.007190213437964272,FOODS,High-volume
FOODS_3_084_CA_3_evaluation,-0.24906110452444685,0.19226661216056723,FOODS,Mid-volume
FOODS_3_088_CA_4_evaluation,-0.0854199649289705,,FOODS,Low-volume
FOODS_3_093_CA_4_evaluation,0.04123330753885146,-0.23252550325668564,FOODS,Mid-volume
FOODS_3_101_CA_1_evaluation,0.190750193458614,,FOODS,High-volume
FOODS_3_111_WI_3_evaluation,-0.023243431281370464,,FOODS,Low-volume
FOODS_3_118_TX_1_evaluation,0.13862285864387314,-0.6215310414124654,FOODS,High-volume
FOODS_3_119_TX_3_evaluation,0.016491903135804398,,FOODS,Low-volume
FOODS_3_120_TX_2_evaluation,0.7833795977480706,,FOODS,High-volume
FOODS_3_122_WI_2_evaluation,-0.0975350887779805,,FOODS,Mid-volume
FOODS_3_127_TX_3_evaluation,0.44253391737719805,0.07370703781762436,FOODS,High-volume
FOODS_3_128_CA_2_evaluation,0.07429520719595051,0.059313599075470506,FOODS,Mid-volume
FOODS_3_129_TX_2_evaluation,-0.07824602256188895,-0.1108383848045607,FOODS,Mid-volume
FOODS_3_130_TX_3_evaluation,0.095146141121847,0.14662195631423636,FOODS,Mid-volume
FOODS_3_131_TX_1_evaluation,-0.11554981293084454,,FOODS,High-volume
FOODS_3_133_WI_1_evaluation,-0.12395905066840873,-0.3000081545924306,FOODS,High-volume
FOODS_3_134_CA_1_evaluation,0.1351902993816424,-0.012176992423300538,FOODS,Mid-volume
FOODS_3_138_WI_3_evaluation,-0.07190980923915746,,FOODS,High-volume
FOODS_3_148_WI_3_evaluation,0.02430124168482939,-0.13441757557625728,FOODS,High-volume
FOODS_3_160_CA_1_evaluation,-0.3107868263558077,-0.19521376594237946,FOODS,High-volume
FOODS_3_160_WI_1_evaluation,-0.04034588270373507,-0.13634390015816006,FOODS,Mid-volume
FOODS_3_162_WI_1_evaluation,-0.1035731273561129,,FOODS,High-volume
FOODS_3_169_CA_2_evaluation,-0.0648388081529494,,FOODS,Mid-volume
FOODS_3_171_WI_1_evaluation,-0.034460481197242585,0.029713368316606724,FOODS,Low-volume
FOODS_3_173_TX_2_evaluation,-0.0306126071121776,0.03558158878375257,FOODS,Low-volume
FOODS_3_189_WI_1_evaluation,-0.004426475077560915,-0.05751948873690981,FOODS,Low-volume
FOODS_3_195_WI_2_evaluation,0.22867518121215125,-0.09946429740710802,FOODS,High-volume
FOODS_3_203_CA_4_evaluation,-0.24640947911711875,-0.15034562345396832,FOODS,High-volume
FOODS_3_205_CA_1_evaluation,-0.13412183988016213,-0.14193778437663032,FOODS,High-volume
FOODS_3_206_WI_3_evaluation,0.29679391155569124,-0.11342381339845911,FOODS,High-volume
FOODS_3_209_CA_1_evaluation,-0.03310804574852513,,FOODS,Low-volume
FOODS_3_212_WI_2_evaluation,-0.12614921516147587,-0.1942611321998259,FOODS,Mid-volume
FOODS_3_219_WI_2_evaluation,-0.7826767572786584,0.005355348590498506,FOODS,High-volume
FOODS_3_228_TX_3_evaluation,-0.4915836628637553,-0.29626506513109746,FOODS,High-volume
FOODS_3_230_TX_2_evaluation,1.2416564317002354,-0.08333324507141339,FOODS,High-volume
FOODS_3_241_WI_2_evaluation,-0.15349964857976528,0.07209165927505139,FOODS,High-volume
FOODS_3_254_WI_3_evaluation,0.02498988335687967,,FOODS,Low-volume
FOODS_3_260_TX_2_evaluation,-0.018433588675039234,-0.18628961021439455,FOODS,Low-volume
FOODS_3_281_TX_2_evaluation,0.2550458976124723,-0.4631027183062861,FOODS,High-volume
FOODS_3_285_WI_2_evaluation,-0.19635516871721004,-0.20516389125592152,FOODS,High-volume
FOODS_3_289_TX_1_evaluation,0.02015874255450567,-0.10238822095427334,FOODS,Mid-volume
FOODS_3_293_CA_4_evaluation,-0.027751549443762125,-0.055279330983913154,FOODS,Mid-volume
FOODS_3_313_CA_2_evaluation,-0.24799264502296658,-0.3814782792078684,FOODS,High-volume
FOODS_3_318_CA_4_evaluation,1.0916035411800626,0.028789570577961096,FOODS,High-volume
FOODS_3_330_CA_1_evaluation,-0.31835833504902133,-0.23321976954747772,FOODS,High-volume
FOODS_3_331_TX_1_evaluation,0.06276578373811725,-0.017172941031893936,FOODS,High-volume
FOODS_3_336_WI_1_evaluation,-0.12711473338208257,-0.08635554642997333,FOODS,Mid-volume
FOODS_3_339_WI_2_evaluation,-0.28113618776489635,-0.19127813679235317,FOODS,High-volume
FOODS_3_352_TX_3_evaluation,-0.0545162824708747,-0.2001899599819676,FOODS,Mid-volume
FOODS_3_354_TX_3_evaluation,-0.029501551218611782,0.03147136247773334,FOODS,Low-volume
FOODS_3_356_WI_1_evaluation,-0.24982428988264682,-0.09816486805333341,FOODS,High-volume
FOODS_3_364_TX_1_evaluation,0.05863748340515558,,FOODS,Low-volume
FOODS_3_369_TX_3_evaluation,0.0068189724330348644,-0.23042161907162667,FOODS,High-volume
FOODS_3_373_TX_2_evaluation,-0.04969934046586255,0.14085469162685227,FOODS,Mid-volume
FOODS_3_374_CA_3_evaluation,0.052886970473600914,0.03904708721089602,FOODS,High-volume
FOODS_3_378_CA_4_evaluation,-0.10996968556763242,0.1787969713239696,FOODS,Mid-volume
FOODS_3_387_CA_4_evaluation,0.1109742504809842,0.03925663911382242,FOODS,High-volume
FOODS_3_391_CA_4_evaluation,0.11390275243686865,0.032610278590035895,FOODS,Mid-volume
FOODS_3_397_CA_2_evaluation,-0.04399852332507437,0.0036481528519699386,FOODS,Low-volume
FOODS_3_398_WI_3_evaluation,-0.0619635516871721,-0.10506416076951203,FOODS,Mid-volume
FOODS_3_403_WI_2_evaluation,-0.4498569471165794,0.32274821151627925,FOODS,High-volume
FOODS_3_405_CA_2_evaluation,0.06017450321957729,-0.18169473972436245,FOODS,High-volume
FOODS_3_407_TX_1_evaluation,0.015952348836053343,-0.1432381028677943,FOODS,High-volume
FOODS_3_425_CA_1_evaluation,0.07182816615432669,,FOODS,Mid-volume
FOODS_3_425_TX_3_evaluation,-0.0012210965731202506,-0.1042973524504064,FOODS,Low-volume
FOODS_3_429_WI_2_evaluation,0.08785860837587056,,FOODS,High-volume
FOODS_3_434_CA_2_evaluation,-0.10996613586829196,-0.3431110901570725,FOODS,High-volume
FOODS_3_438_TX_3_evaluation,-0.09502545134427098,,FOODS,High-volume
FOODS_3_448_WI_2_evaluation,0.1864586069559908,-0.010056117280088223,FOODS,Mid-volume
FOODS_3_454_WI_1_evaluation,0.09684289740658958,0.0012310720841782153,FOODS,High-volume
FOODS_3_463_TX_2_evaluation,-0.08079825638768412,-0.21401670941065518,FOODS,High-volume
FOODS_3_466_TX_1_evaluation,0.06993617640585843,,FOODS,Low-volume
FOODS_3_474_CA_2_evaluation,0.08122777000788028,,FOODS,High-volume
FOODS_3_476_TX_1_evaluation,0.3142726311081452,-0.030012217223940315,FOODS,High-volume
FOODS_3_479_WI_1_evaluation,-0.13587539135435223,0.16212235107657794,FOODS,High-volume
FOODS_3_486_CA_3_evaluation,-0.010957921864018116,-0.05998744197827692,FOODS,Mid-volume
FOODS_3_495_TX_1_evaluation,0.1026147085341873,0.07372922559803471,FOODS,High-volume
FOODS_3_496_WI_3_evaluation,-0.1498967037491924,,FOODS,High-volume
FOODS_3_498_TX_2_evaluation,-1.466437592735896,-0.05633139631194791,FOODS,High-volume
FOODS_3_502_CA_3_evaluation,-0.06359641338378652,-0.09282095110052796,FOODS,High-volume
FOODS_3_508_WI_2_evaluation,-0.058527442725601286,,FOODS,High-volume
FOODS_3_509_CA_4_evaluation,-0.04684183249678753,,FOODS,Mid-volume
FOODS_3_509_WI_1_evaluation,-0.03492904151018417,,FOODS,High-volume
FOODS_3_515_WI_2_evaluation,-0.3717209652342448,,FOODS,High-volume
FOODS_3_516_CA_2_evaluation,0.322124566049256,0.09424879107146428,FOODS,High-volume
FOODS_3_522_CA_3_evaluation,-0.10266795402429407,0.004569202282048295,FOODS,Mid-volume
FOODS_3_522_WI_2_evaluation,0.010148590414391923,-0.032359454915098514,FOODS,Mid-volume
FOODS_3_534_WI_2_evaluation,-0.026707937837665174,-0.09783982170004217,FOODS,Mid-volume
FOODS_3_537_WI_2_evaluation,0.03727894247357244,,FOODS,Mid-volume
FOODS_3_538_TX_3_evaluation,-0.012061878358902933,-0.012932048409269812,FOODS,Mid-volume
FOODS_3_540_CA_4_evaluation,0.44464243878543486,-0.18243874660040055,FOODS,High-volume
FOODS_3_549_CA_4_evaluation,0.004476170868327439,-0.1680322268157243,FOODS,Low-volume
FOODS_3_556_CA_4_evaluation,0.01792598166935258,-0.029456905552006373,FOODS,Low-volume
FOODS_3_560_CA_2_evaluation,-0.06549905223027602,,FOODS,Mid-volume
FOODS_3_563_TX_3_evaluation,0.05823636737968295,,FOODS,Low-volume
FOODS_3_568_CA_4_evaluation,-0.04433574476241864,,FOODS,High-volume
FOODS_3_591_CA_3_evaluation,-0.01871046522359565,0.037342768008659495,FOODS,High-volume
FOODS_3_599_TX_1_evaluation,-0.06299296449590716,,FOODS,Mid-volume
FOODS_3_603_WI_3_evaluation,0.04272773096118765,,FOODS,Mid-volume
FOODS_3_617_WI_2_evaluation,-0.09696713688350589,0.11777456086656615,FOODS,High-volume
FOODS_3_618_WI_2_evaluation,-0.24324669700476376,-0.15589119870896195,FOODS,High-volume
FOODS_3_629_CA_1_evaluation,-0.03869172281107791,-0.18582933162188447,FOODS,High-volume
FOODS_3_631_CA_3_evaluation,0.004618158841946052,-0.06398173958371789,FOODS,High-volume
FOODS_3_645_CA_3_evaluation,-0.0014802246249741025,-0.004452518605858821,FOODS,High-volume
FOODS_3_652_WI_3_evaluation,0.145899742291828,,FOODS,High-volume
FOODS_3_668_TX_2_evaluation,-0.18859197625961066,-0.02284914019051709,FOODS,High-volume
FOODS_3_678_TX_1_evaluation,-0.3152487984267732,0.04126949404367414,FOODS,High-volume
FOODS_3_686_CA_1_evaluation,-0.2642360692049385,-0.1167421117454211,FOODS,High-volume
FOODS_3_693_CA_4_evaluation,0.013932569911328518,,FOODS,Low-volume
FOODS_3_694_TX_2_evaluation,-0.05906344732601454,0.14056306672833024,FOODS,High-volume
FOODS_3_697_TX_1_evaluation,0.4567291650397216,-0.2812750795016945,FOODS,High-volume
FOODS_3_700_WI_2_evaluation,0.048598933670318145,-0.041762869146906544,FOODS,Mid-volume
FOODS_3_713_WI_1_evaluation,0.03836160077241457,-0.13515498553001845,FOODS,Low-volume
FOODS_3_719_CA_3_evaluation,0.11388500394016626,0.17319655619519375,FOODS,Mid-volume
FOODS_3_736_WI_3_evaluation,0.01543764243168605,0.06330593662409131,FOODS,Mid-volume
FOODS_3_737_WI_3_evaluation,0.0652079768843579,,FOODS,Low-volume
FOODS_3_752_CA_2_evaluation,-0.6819220911988753,,FOODS,High-volume
FOODS_3_754_CA_3_evaluation,0.05756547420433494,-0.22757027755945333,FOODS,Mid-volume
FOODS_3_755_WI_2_evaluation,0.046053799243204185,-0.12376730181704174,FOODS,High-volume
FOODS_3_758_CA_4_evaluation,6.744428746885411e-05,,FOODS,Low-volume
FOODS_3_761_CA_4_evaluation,0.007990373215388646,,FOODS,Mid-volume
FOODS_3_769_CA_4_evaluation,0.31957943162214164,-0.42527452420900724,FOODS,High-volume
FOODS_3_775_CA_1_evaluation,-0.2044981790042384,-0.047605512732635455,FOODS,High-volume
FOODS_3_796_CA_3_evaluation,0.08883832539383915,-0.013224455666130414,FOODS,Low-volume
HOBBIES_1_001_WI_2_evaluation,-0.0041708967250473905,-0.08702867534196002,HOBBIES,Low-volume
HOBBIES_1_011_TX_1_evaluation,0.014816445047104512,,HOBBIES,Low-volume
HOBBIES_1_016_TX_1_evaluation,-0.17889774736079866,-0.05046816713787616,HOBBIES,High-volume
HOBBIES_1_031_WI_1_evaluation,-0.0445664752195489,-0.05601894084426538,HOBBIES,Mid-volume
HOBBIES_1_034_WI_1_evaluation,-0.044080166409905086,-0.043502973767923496,HOBBIES,Low-volume
HOBBIES_1_035_CA_4_evaluation,-0.01250559077646124,-0.05507373572063464,HOBBIES,Low-volume
HOBBIES_1_038_TX_3_evaluation,-0.007472117111680665,-0.015969389975191473,HOBBIES,Mid-volume
HOBBIES_1_043_TX_2_evaluation,-0.27654287681833356,-0.0767392243769914,HOBBIES,High-volume
HOBBIES_1_048_TX_1_evaluation,-0.13805845644873882,-0.08211484886270472,HOBBIES,High-volume
HOBBIES_1_058_TX_3_evaluation,-0.013389465912237247,-0.07453559596141619,HOBBIES,Low-volume
HOBBIES_1_058_WI_2_evaluation,-0.051765265482013684,-0.1514274494585956,HOBBIES,Low-volume
HOBBIES_1_060_CA_1_evaluation,-0.0829351753906444,-0.12147586668140584,HOBBIES,Low-volume
HOBBIES_1_067_TX_3_evaluation,0.10275314680846531,0.12754821443169004,HOBBIES,Mid-volume
HOBBIES_1_068_TX_1_evaluation,0.05909894431941615,0.02083993226430116,HOBBIES,Mid-volume
HOBBIES_1_068_WI_3_evaluation,-0.09800719879026248,0.050689006426767894,HOBBIES,Mid-volume
HOBBIES_1_079_TX_3_evaluation,-0.07108272929282891,-0.10813985467275003,HOBBIES,Low-volume
HOBBIES_1_085_WI_2_evaluation,-0.020041602476270265,,HOBBIES,Low-volume
HOBBIES_1_095_WI_1_evaluation,-0.0011536522856513964,,HOBBIES,Mid-volume
HOBBIES_1_100_TX_2_evaluation,0.06294681840448113,-0.03742063098965791,HOBBIES,Mid-volume
HOBBIES_1_105_TX_3_evaluation,-0.04580886998871203,-0.03951450252817909,HOBBIES,High-volume
HOBBIES_1_107_TX_3_evaluation,-0.009623234912002954,-0.07644402912269518,HOBBIES,Low-volume
HOBBIES_1_129_WI_2_evaluation,-0.028553781494707386,0.15608441492831815,HOBBIES,Mid-volume
HOBBIES_1_133_CA_2_evaluation,-0.058172472791554554,-0.132127143731721,HOBBIES,Low-volume
HOBBIES_1_133_TX_1_evaluation,0.04588696337420223,-0.15040377847622946,HOBBIES,Low-volume
HOBBIES_1_133_WI_2_evaluation,0.001430528834207745,0.05802522013334797,HOBBIES,Low-volume
HOBBIES_1_136_WI_3_evaluation,-0.004089253640216672,,HOBBIES,Low-volume
HOBBIES_1_140_CA_1_evaluation,-0.14527854490724637,0.1514532154137525,HOBBIES,Mid-volume
HOBBIES_1_148_CA_2_evaluation,-0.17086832745266478,,HOBBIES,Mid-volume
HOBBIES_1_151_WI_3_evaluation,-0.05943971545610094,-0.4203930327786558,HOBBIES,High-volume
HOBBIES_1_159_CA_2_evaluation,-0.2509850415669793,,HOBBIES,Mid-volume
HOBBIES_1_165_CA_4_evaluation,-0.020513712488552216,0.04346973290064242,HOBBIES,Low-volume
HOBBIES_1_169_CA_4_evaluation,0.1785818241194972,-0.09987990643922871,HOBBIES,High-volume
HOBBIES_1_172_TX_1_evaluation,-0.018451337171741578,0.024608675710542642,HOBBIES,Mid-volume
HOBBIES_1_172_WI_2_evaluation,-0.04272418126184713,-0.049784050698904854,HOBBIES,Mid-volume
HOBBIES_1_175_TX_2_evaluation,0.00816430848307148,-0.014629836134950407,HOBBIES,Low-volume
HOBBIES_1_181_CA_2_evaluation,0.03404516637440808,,HOBBIES,Low-volume
HOBBIES_1_188_WI_2_evaluation,-0.028770313154475827,,HOBBIES,Low-volume
HOBBIES_1_194_WI_1_evaluation,-0.5797084986901608,0.08064892836580201,HOBBIES,High-volume
HOBBIES_1_208_TX_2_evaluation,-0.05722115336830971,,HOBBIES,Low-volume
HOBBIES_1_221_TX_3_evaluation,-0.006826071831715852,0.02242781898139326,HOBBIES,Low-volume
HOBBIES_1_231_CA_3_evaluation,-0.026132886544509626,,HOBBIES,High-volume
HOBBIES_1_233_WI_2_evaluation,-0.1881731117374359,-0.11206853585566509,HOBBIES,High-volume
HOBBIES_1_236_WI_2_evaluation,-0.11483277366407069,0.21895780808111953,HOBBIES,Mid-volume
HOBBIES_1_241_TX_1_evaluation,0.09371561228763925,0.001481887120740363,HOBBIES,Low-volume
HOBBIES_1_247_TX_3_evaluation,0.01656999652129465,,HOBBIES,Low-volume
HOBBIES_1_254_WI_3_evaluation,-0.69590080720163,-0.008004695068979717,HOBBIES,High-volume
HOBBIES_1_263_TX_1_evaluation,-0.023559354522671924,,HOBBIES,Low-volume
HOBBIES_1_263_TX_2_evaluation,0.002956899550608072,,HOBBIES,Low-volume
HOBBIES_1_264_CA_3_evaluation,0.05411871614474251,,HOBBIES,High-volume
HOBBIES_1_265_TX_3_evaluation,-0.008103963594283559,,HOBBIES,Low-volume
HOBBIES_1_266_CA_1_evaluation,-0.011664312032770852,-0.024701195040614535,HOBBIES,Mid-volume
HOBBIES_1_266_TX_3_evaluation,-0.011678510830132605,-0.0247777578232438,HOBBIES,Mid-volume
HOBBIES_1_267_TX_3_evaluation,0.08185961649048323,,HOBBIES,Low-volume
HOBBIES_1_279_WI_2_evaluation,-0.01820285821790893,-0.4068098524397142,HOBBIES,Low-volume
HOBBIES_1_285_CA_1_evaluation,-0.004572012750520021,,HOBBIES,Low-volume
HOBBIES_1_286_CA_4_evaluation,0.1910838651966178,-0.1206821376668756,HOBBIES,High-volume
HOBBIES_1_292_WI_2_evaluation,0.016019793123522433,,HOBBIES,Low-volume
HOBBIES_1_298_WI_2_evaluation,-0.0979433042021341,-0.16437256801542732,HOBBIES,Mid-volume
HOBBIES_1_299_WI_2_evaluation,0.016172430195162485,,HOBBIES,Low-volume
HOBBIES_1_314_CA_2_evaluation,-0.03509942707852645,,HOBBIES,Low-volume
HOBBIES_1_337_TX_3_evaluation,-0.17404530836238186,-0.03715545380544026,HOBBIES,High-volume
HOBBIES_1_349_CA_1_evaluation,0.10089665405340165,0.24110696421695346,HOBBIES,Mid-volume
HOBBIES_1_350_TX_3_evaluation,-0.13647174084355052,-0.03250744775639293,HOBBIES,Mid-volume
HOBBIES_1_352_CA_4_evaluation,-0.024059862129677645,-0.17855194907569039,HOBBIES,Mid-volume
HOBBIES_1_353_TX_1_evaluation,-0.34839589086804346,-0.027530655673170038,HOBBIES,Mid-volume
HOBBIES_1_367_TX_3_evaluation,-0.15468169846014046,-0.11650360681086329,HOBBIES,Mid-volume
HOBBIES_1_367_WI_3_evaluation,-0.08169988002016226,-0.013836852918413087,HOBBIES,Mid-volume
HOBBIES_1_374_CA_3_evaluation,0.020304280227464777,,HOBBIES,Mid-volume
HOBBIES_1_382_TX_3_evaluation,-0.05210248691935793,,HOBBIES,Mid-volume
HOBBIES_1_382_WI_2_evaluation,-0.05954975613565533,,HOBBIES,Mid-volume
HOBBIES_1_383_WI_1_evaluation,-0.07899145942338681,,HOBBIES,High-volume
HOBBIES_1_383_WI_2_evaluation,0.07561214565126337,0.014150569906866662,HOBBIES,Low-volume
HOBBIES_1_388_TX_2_evaluation,-0.047732807031244384,-0.11421997608554048,HOBBIES,High-volume
HOBBIES_1_405_TX_2_evaluation,-0.030133397701214704,-0.03402503659303528,HOBBIES,Low-volume
HOBBIES_1_405_WI_3_evaluation,-0.027733800947059795,-0.14123775208233333,HOBBIES,Low-volume
HOBBIES_1_420_CA_3_evaluation,-0.040420426389884856,0.00868672132020796,HOBBIES,High-volume
HOBBIES_2_002_WI_2_evaluation,0.045329660577749065,-0.06156332375963056,HOBBIES,Low-volume
HOBBIES_2_011_WI_3_evaluation,0.012959952292040888,,HOBBIES,Low-volume
HOBBIES_2_019_CA_1_evaluation,-0.04711870904534385,,HOBBIES,Low-volume
HOBBIES_2_019_TX_3_evaluation,-0.054647621346471956,0.07179433188912296,HOBBIES,Low-volume
HOBBIES_2_032_TX_3_evaluation,-0.14778463264161523,0.04868626371435912,HOBBIES,Mid-volume
HOBBIES_2_060_CA_2_evaluation,-0.06274803524141503,,HOBBIES,Low-volume
HOBBIES_2_063_WI_1_evaluation,-0.05602135499123226,0.0641123502672433,HOBBIES,Low-volume
HOBBIES_2_067_CA_4_evaluation,0.0011181552922467503,,HOBBIES,Low-volume
HOBBIES_2_088_WI_1_evaluation,0.017375778271580378,0.04003065099202957,HOBBIES,Low-volume
HOBBIES_2_089_TX_2_evaluation,0.029529948813335483,0.02134874544731597,HOBBIES,Mid-volume
HOBBIES_2_097_CA_2_evaluation,-0.0004934082083247471,,HOBBIES,Low-volume
HOBBIES_2_102_CA_2_evaluation,-0.023484810836522152,,HOBBIES,Low-volume
HOBBIES_2_107_WI_3_evaluation,-0.054732814130643126,0.0033073022739405927,HOBBIES,Low-volume
HOBBIES_2_110_CA_2_evaluation,-0.06666690331328938,,HOBBIES,Low-volume
HOBBIES_2_121_WI_3_evaluation,0.01913642914445149,,HOBBIES,Low-volume
HOBBIES_2_133_TX_2_evaluation,-0.09696003748482501,0.15476270038231707,HOBBIES,Low-volume
HOBBIES_2_147_CA_1_evaluation,-0.009385405056191759,,HOBBIES,Low-volume
HOUSEHOLD_1_006_CA_1_evaluation,0.028905201729413355,,HOUSEHOLD,High-volume
HOUSEHOLD_1_014_TX_2_evaluation,-0.09208630029036541,,HOUSEHOLD,Mid-volume
HOUSEHOLD_1_016_WI_1_evaluation,-0.08762787791874027,-0.0022796431232716074,HOUSEHOLD,Mid-volume
HOUSEHOLD_1_019_WI_2_evaluation,-2.093271899870081,0.24870744377458368,HOUSEHOLD,High-volume
HOUSEHOLD_1_027_TX_3_evaluation,-0.2379043994973622,0.06208940429190937,HOUSEHOLD,High-volume
HOUSEHOLD_1_028_TX_3_evaluation,0.0007951326522643853,-0.0028362923521842004,HOUSEHOLD,High-volume
HOUSEHOLD_1_029_CA_4_evaluation,-0.05297216325777207,0.05860786153488628,HOUSEHOLD,Low-volume
HOUSEHOLD_1_034_TX_3_evaluation,-0.05955685553433626,0.028984040855449533,HOUSEHOLD,Mid-volume
HOUSEHOLD_1_048_CA_1_evaluation,-0.14518625272439412,,HOUSEHOLD,High-volume
HOUSEHOLD_1_051_WI_1_evaluation,-0.47721802963289006,,HOUSEHOLD,High-volume
HOUSEHOLD_1_088_CA_3_evaluation,-0.1577024925988768,,HOUSEHOLD,High-volume
HOUSEHOLD_1_090_CA_3_evaluation,-0.854487174936283,0.24374615229499966,HOUSEHOLD,High-volume
HOUSEHOLD_1_092_WI_3_evaluation,-0.009381855356851265,-0.007215544196663331,HOUSEHOLD,Low-volume
HOUSEHOLD_1_109_WI_2_evaluation,-0.12419688052421929,-0.051483323154248715,HOUSEHOLD,High-volume
HOUSEHOLD_1_110_TX_1_evaluation,-0.5298210241592543,-0.03282786969687541,HOUSEHOLD,High-volume
HOUSEHOLD_1_117_CA_4_evaluation,-0.05554569527960984,-0.1704787646628493,HOUSEHOLD,Mid-volume
HOUSEHOLD_1_118_CA_2_evaluation,-0.18059805334488122,,HOUSEHOLD,High-volume
HOUSEHOLD_1_121_TX_2_evaluation,-0.06398688031123767,-0.07451352402797633,HOUSEHOLD,Mid-volume
HOUSEHOLD_1_128_WI_1_evaluation,-0.1965042560895094,-0.1684164692484053,HOUSEHOLD,High-volume
HOUSEHOLD_1_140_CA_1_evaluation,-0.16138708051428052,-0.06083656667284073,HOUSEHOLD,High-volume
HOUSEHOLD_1_140_CA_4_evaluation,0.038989897555677056,-0.40221088785910564,HOUSEHOLD,Mid-volume
HOUSEHOLD_1_140_WI_3_evaluation,0.08724451038997016,0.11504421484352392,HOUSEHOLD,High-volume
HOUSEHOLD_1_142_CA_4_evaluation,-0.0037839794969366236,-0.04337450660740316,HOUSEHOLD,Low-volume
HOUSEHOLD_1_143_WI_3_evaluation,-0.18710110253661516,,HOUSEHOLD,High-volume
HOUSEHOLD_1_145_WI_1_evaluation,-0.10798185393697157,-0.06519976587312651,HOUSEHOLD,High-volume
HOUSEHOLD_1_149_WI_2_evaluation,-0.4993859020140996,,HOUSEHOLD,High-volume
HOUSEHOLD_1_155_WI_3_evaluation,-0.033349425303676766,,HOUSEHOLD,Mid-volume
HOUSEHOLD_1_171_WI_1_evaluation,0.027424977104439252,0.037224332494888296,HOUSEHOLD,Mid-volume
HOUSEHOLD_1_175_CA_2_evaluation,0.004838240201055055,-0.056516208302083204,HOUSEHOLD,Mid-volume
HOUSEHOLD_1_185_WI_2_evaluation,-0.18314673747133614,-0.08948042852674874,HOUSEHOLD,High-volume
HOUSEHOLD_1_187_CA_4_evaluation,-0.019636936751457154,0.008417826689803145,HOUSEHOLD,Low-volume
HOUSEHOLD_1_189_CA_2_evaluation,0.029309867454226646,-0.1457195734062907,HOUSEHOLD,Low-volume
HOUSEHOLD_1_199_TX_1_evaluation,0.00031237354196099465,-0.07741502101198458,HOUSEHOLD,Low-volume
HOUSEHOLD_1_202_CA_3_evaluation,-0.5545304812682366,,HOUSEHOLD,High-volume
HOUSEHOLD_1_204_TX_2_evaluation,-0.03454922368075425,,HOUSEHOLD,Low-volume
HOUSEHOLD_1_205_CA_1_evaluation,0.008845850756440843,-0.11070166549642346,HOUSEHOLD,Mid-volume
HOUSEHOLD_1_216_WI_3_evaluation,0.012494941678439835,,HOUSEHOLD,Low-volume
HOUSEHOLD_1_221_TX_3_evaluation,-0.09624299821805093,-0.01347977538035632,HOUSEHOLD,Mid-volume
HOUSEHOLD_1_222_WI_1_evaluation,0.0013950318408031404,-0.1681835545028838,HOUSEHOLD,Mid-volume
HOUSEHOLD_1_229_CA_1_evaluation,0.027446275300482048,0.018498882511508198,HOUSEHOLD,Mid-volume
HOUSEHOLD_1_231_TX_3_evaluation,-0.017645555421455822,-0.048170358426453355,HOUSEHOLD,Low-volume
HOUSEHOLD_1_237_WI_1_evaluation,-0.09191591472202307,,HOUSEHOLD,Mid-volume
HOUSEHOLD_1_263_CA_2_evaluation,0.06752593055368211,0.0779193809000268,HOUSEHOLD,Low-volume
HOUSEHOLD_1_271_TX_1_evaluation,-0.08878862960307263,-0.0238462213808092,HOUSEHOLD,Low-volume
HOUSEHOLD_1_276_CA_4_evaluation,-0.06530381876655048,-0.03191867035360847,HOUSEHOLD,Low-volume
HOUSEHOLD_1_282_CA_3_evaluation,-0.0843373066301285,0.018091973990841895,HOUSEHOLD,High-volume
HOUSEHOLD_1_283_TX_2_evaluation,-0.0539838275698048,,HOUSEHOLD,High-volume
HOUSEHOLD_1_290_TX_3_evaluation,0.10589463072477767,0.022414655995600316,HOUSEHOLD,High-volume
HOUSEHOLD_1_312_WI_2_evaluation,-0.015167865281810633,-0.04672123956019934,HOUSEHOLD,Mid-volume
HOUSEHOLD_1_319_TX_1_evaluation,0.0485563372782325,,HOUSEHOLD,High-volume
HOUSEHOLD_1_321_TX_3_evaluation,-0.20884301099696856,0.05939617318669634,HOUSEHOLD,High-volume
HOUSEHOLD_1_326_TX_3_evaluation,0.034975187601610114,-0.09938138304104811,HOUSEHOLD,Mid-volume
HOUSEHOLD_1_327_TX_2_evaluation,0.11193621900225015,,HOUSEHOLD,High-volume
HOUSEHOLD_1_330_WI_3_evaluation,0.02778349673782632,,HOUSEHOLD,Low-volume
HOUSEHOLD_1_332_CA_1_evaluation,-0.015881354849244272,,HOUSEHOLD,Low-volume
HOUSEHOLD_1_334_CA_2_evaluation,0.008799704665015007,0.10288662254189963,HOUSEHOLD,High-volume
HOUSEHOLD_1_341_CA_4_evaluation,-0.014433077518334197,0.07420662967142892,HOUSEHOLD,Low-volume
HOUSEHOLD_1_345_TX_2_evaluation,0.07054317499307816,-0.044809078641740614,HOUSEHOLD,Mid-volume
HOUSEHOLD_1_372_CA_4_evaluation,-0.044108564004628814,,HOUSEHOLD,Mid-volume
HOUSEHOLD_1_374_CA_3_evaluation,-0.061590833256423116,0.09991029201334295,HOUSEHOLD,Mid-volume
HOUSEHOLD_1_378_WI_1_evaluation,-0.041826107328709256,0.007248906628800393,HOUSEHOLD,Low-volume
HOUSEHOLD_1_380_WI_3_evaluation,-0.05489610030030456,,HOUSEHOLD,Low-volume
HOUSEHOLD_1_389_WI_3_evaluation,-0.6233272041858049,-0.4765627394416954,HOUSEHOLD,High-volume
HOUSEHOLD_1_406_CA_2_evaluation,-0.032873765592054405,-0.11075628271350325,HOUSEHOLD,Mid-volume
HOUSEHOLD_1_410_CA_2_evaluation,0.06797674236992135,-0.5107185599142853,HOUSEHOLD,High-volume
HOUSEHOLD_1_413_WI_3_evaluation,0.016207927188567117,-0.134336230647283,HOUSEHOLD,Mid-volume
HOUSEHOLD_1_425_CA_4_evaluation,-0.13722782680306989,,HOUSEHOLD,High-volume
HOUSEHOLD_1_432_CA_4_evaluation,-0.005938646996599378,-0.027347006655505234,HOUSEHOLD,Low-volume
HOUSEHOLD_1_438_CA_1_evaluation,-0.1289073315490178,-0.20819114994400753,HOUSEHOLD,High-volume
HOUSEHOLD_1_438_WI_3_evaluation,0.14564416393931445,-0.31091127636150445,HOUSEHOLD,High-volume
HOUSEHOLD_1_454_CA_3_evaluation,0.04714000724138667,,HOUSEHOLD,Mid-volume
HOUSEHOLD_1_468_WI_1_evaluation,0.03144323675784655,0.018831178887428877,HOUSEHOLD,Mid-volume
HOUSEHOLD_1_471_CA_4_evaluation,-0.00925761587993501,-0.05278414871966843,HOUSEHOLD,Mid-volume
HOUSEHOLD_1_473_CA_1_evaluation,-0.3113263806555584,0.08792033510783716,HOUSEHOLD,High-volume
HOUSEHOLD_1_473_TX_3_evaluation,-0.3478563365682925,0.026701229432846647,HOUSEHOLD,High-volume
HOUSEHOLD_1_473_WI_3_evaluation,-0.08001732253278115,-0.1621863592953534,HOUSEHOLD,High-volume
HOUSEHOLD_1_474_WI_2_evaluation,-1.24854994781942,,HOUSEHOLD,High-volume
HOUSEHOLD_1_476_TX_1_evaluation,-0.008029419908133772,,HOUSEHOLD,Low-volume
HOUSEHOLD_1_481_CA_4_evaluation,-0.0034787053536565193,-0.038384776220191125,HOUSEHOLD,Mid-volume
HOUSEHOLD_1_481_WI_3_evaluation,-0.010464513655693342,0.135678416585465,HOUSEHOLD,Mid-volume
HOUSEHOLD_1_483_CA_2_evaluation,-0.150099036611599,,HOUSEHOLD,Mid-volume
HOUSEHOLD_1_488_WI_2_evaluation,-0.35978332635225807,-0.05105707647436539,HOUSEHOLD,High-volume
HOUSEHOLD_1_499_TX_2_evaluation,-0.14176789225952563,0.021649970617896554,HOUSEHOLD,Mid-volume
HOUSEHOLD_1_499_WI_2_evaluation,0.0034148107655281867,0.034288077973917155,HOUSEHOLD,Mid-volume
HOUSEHOLD_1_500_TX_3_evaluation,-0.01770945000958419,,HOUSEHOLD,Low-volume
HOUSEHOLD_1_504_CA_3_evaluation,0.04154568108081247,-0.1278002692817252,HOUSEHOLD,Mid-volume
HOUSEHOLD_1_507_WI_1_evaluation,-0.02695996649083826,-0.02796842542523416,HOUSEHOLD,Mid-volume
HOUSEHOLD_1_510_WI_3_evaluation,-0.043015256607765284,0.0053669215660920085,HOUSEHOLD,High-volume
HOUSEHOLD_1_512_CA_1_evaluation,-0.03189404857408577,,HOUSEHOLD,Low-volume
HOUSEHOLD_1_529_CA_2_evaluation,-0.0505193210135102,,HOUSEHOLD,Mid-volume
HOUSEHOLD_1_536_WI_1_evaluation,-0.044765258382614914,0.052275553185592544,HOUSEHOLD,Mid-volume
HOUSEHOLD_2_018_WI_2_evaluation,-0.01298125048808366,,HOUSEHOLD,Low-volume
HOUSEHOLD_2_021_WI_1_evaluation,-0.05721760366896925,-0.026450022112412392,HOUSEHOLD,Low-volume
HOUSEHOLD_2_029_WI_2_evaluation,-0.017883385277267017,-0.040225812869809606,HOUSEHOLD,Low-volume
HOUSEHOLD_2_039_WI_3_evaluation,0.022987852928856925,0.10723077951623257,HOUSEHOLD,Low-volume
HOUSEHOLD_2_043_TX_1_evaluation,0.017602959029370202,0.019086580105319405,HOUSEHOLD,Mid-volume
HOUSEHOLD_2_044_WI_3_evaluation,0.0210745649843459,,HOUSEHOLD,High-volume
HOUSEHOLD_2_056_WI_1_evaluation,-0.015316952654110205,0.026062041172944743,HOUSEHOLD,Low-volume
HOUSEHOLD_2_059_TX_3_evaluation,-0.16496517744947015,-0.1868012130798435,HOUSEHOLD,High-volume
HOUSEHOLD_2_061_CA_2_evaluation,-0.06427440595781536,,HOUSEHOLD,Mid-volume
HOUSEHOLD_2_061_TX_3_evaluation,-0.01575356567298747,,HOUSEHOLD,Mid-volume
HOUSEHOLD_2_062_TX_3_evaluation,-0.16845098220180754,0.035724432551904876,HOUSEHOLD,Mid-volume
HOUSEHOLD_2_064_WI_1_evaluation,-0.05128960577039124,,HOUSEHOLD,Low-volume
HOUSEHOLD_2_067_WI_1_evaluation,-0.1243814648899238,,HOUSEHOLD,Mid-volume
HOUSEHOLD_2_077_TX_2_evaluation,0.0032018288051002125,-0.11442992533405265,HOUSEHOLD,Low-volume
HOUSEHOLD_2_078_TX_3_evaluation,0.08153659385050083,-0.12184309458108718,HOUSEHOLD,Mid-volume
HOUSEHOLD_2_084_CA_4_evaluation,0.0017216041801259019,-0.19038109323583038,HOUSEHOLD,Mid-volume
HOUSEHOLD_2_101_WI_2_evaluation,-0.0019239370425324972,,HOUSEHOLD,Low-volume
HOUSEHOLD_2_103_WI_3_evaluation,-0.04151018408740781,,HOUSEHOLD,Low-volume
HOUSEHOLD_2_109_TX_2_evaluation,-0.013872225022540596,0.15817630090075485,HOUSEHOLD,Low-volume
HOUSEHOLD_2_117_WI_1_evaluation,-0.04970289016520302,-0.13775249097393655,HOUSEHOLD,Mid-volume
HOUSEHOLD_2_121_TX_1_evaluation,-0.011064412844232083,-0.03068405866288504,HOUSEHOLD,Low-volume
HOUSEHOLD_2_125_TX_3_evaluation,-0.01218256813647884,0.021286596654630452,HOUSEHOLD,Low-volume
HOUSEHOLD_2_126_WI_3_evaluation,-0.008821002861057664,,HOUSEHOLD,Low-volume
HOUSEHOLD_2_128_TX_3_evaluation,-0.020850933925896487,-0.15004128035171282,HOUSEHOLD,Mid-volume
HOUSEHOLD_2_138_CA_3_evaluation,0.06368515586729803,0.02797049779331725,HOUSEHOLD,Low-volume
HOUSEHOLD_2_138_TX_1_evaluation,-0.022597386001405678,0.04735548810357973,HOUSEHOLD,Low-volume
HOUSEHOLD_2_139_WI_1_evaluation,0.020566957978659206,,HOUSEHOLD,Mid-volume
HOUSEHOLD_2_154_WI_2_evaluation,0.004309334999325565,,HOUSEHOLD,Low-volume
HOUSEHOLD_2_157_TX_3_evaluation,-0.031571025934103374,,HOUSEHOLD,Low-volume
HOUSEHOLD_2_158_TX_1_evaluation,-0.007536011699809025,0.02200506953438746,HOUSEHOLD,Low-volume
HOUSEHOLD_2_164_CA_3_evaluation,-0.05610654777540347,0.1746251725145081,HOUSEHOLD,Mid-volume
HOUSEHOLD_2_165_WI_1_evaluation,-0.023491910235203084,,HOUSEHOLD,Low-volume
HOUSEHOLD_2_167_WI_1_evaluation,-0.06891031329646378,,HOUSEHOLD,Low-volume
HOUSEHOLD_2_173_CA_2_evaluation,-0.03167041751563643,-0.07439129242068411,HOUSEHOLD,Mid-volume
HOUSEHOLD_2_179_TX_3_evaluation,0.0642424586637512,,HOUSEHOLD,Low-volume
HOUSEHOLD_2_182_CA_3_evaluation,-0.030388976053728256,-0.050184389061007584,HOUSEHOLD,Mid-volume
HOUSEHOLD_2_191_WI_1_evaluation,0.0820051541634424,-0.029673725898565703,HOUSEHOLD,Mid-volume
HOUSEHOLD_2_196_TX_1_evaluation,0.10806349702180224,,HOUSEHOLD,Low-volume
HOUSEHOLD_2_200_CA_2_evaluation,-0.05659640628438767,,HOUSEHOLD,Mid-volume
HOUSEHOLD_2_214_WI_3_evaluation,-0.08196965717003771,,HOUSEHOLD,Low-volume
HOUSEHOLD_2_222_CA_2_evaluation,0.22933187559013746,-0.23907383237590407,HOUSEHOLD,High-volume
HOUSEHOLD_2_241_CA_3_evaluation,0.03929517169895702,0.08051170687946249,HOUSEHOLD,Mid-volume
HOUSEHOLD_2_246_WI_2_evaluation,-0.04824041403693108,0.06697879129463684,HOUSEHOLD,Low-volume
HOUSEHOLD_2_247_WI_2_evaluation,-0.05345847206741586,-0.09205803705227014,HOUSEHOLD,Mid-volume
HOUSEHOLD_2_255_WI_3_evaluation,-0.035976202815621514,,HOUSEHOLD,Low-volume
HOUSEHOLD_2_261_CA_2_evaluation,-0.021102962579069573,-0.12866124679804233,HOUSEHOLD,Mid-volume
HOUSEHOLD_2_267_CA_3_evaluation,0.07946001973632832,-0.1592553109120096,HOUSEHOLD,Low-volume
HOUSEHOLD_2_281_TX_1_evaluation,0.0035887460332109933,0.05673783556553112,HOUSEHOLD,Low-volume
HOUSEHOLD_2_285_WI_3_evaluation,-0.06306395848271652,0.01752212215744259,HOUSEHOLD,Low-volume
HOUSEHOLD_2_302_WI_1_evaluation,0.016016243424181967,-0.08534137389802683,HOUSEHOLD,Low-volume
HOUSEHOLD_2_318_TX_3_evaluation,0.019541094869264572,,HOUSEHOLD,Low-volume
HOUSEHOLD_2_326_CA_4_evaluation,-0.037261193976870166,,HOUSEHOLD,Low-volume
HOUSEHOLD_2_331_TX_1_evaluation,0.016019793123522433,,HOUSEHOLD,Low-volume
HOUSEHOLD_2_333_TX_1_evaluation,-0.039504603960044585,-0.030772446818418852,HOUSEHOLD,Low-volume
HOUSEHOLD_2_337_CA_1_evaluation,0.047647614247073256,-0.06358166709612324,HOUSEHOLD,Mid-volume
HOUSEHOLD_2_339_CA_2_evaluation,-0.059066997025351925,-0.07856886203761024,HOUSEHOLD,Mid-volume
HOUSEHOLD_2_353_CA_4_evaluation,-0.016523850429868564,0.00894980005380945,HOUSEHOLD,Low-volume
HOUSEHOLD_2_356_TX_1_evaluation,0.017116650219726415,,HOUSEHOLD,Mid-volume
HOUSEHOLD_2_356_WI_1_evaluation,0.04589406277288313,,HOUSEHOLD,Low-volume
HOUSEHOLD_2_361_CA_4_evaluation,0.002073024414832078,-0.048232186924451005,HOUSEHOLD,Low-volume
HOUSEHOLD_2_364_TX_2_evaluation,0.0036810382160630956,,HOUSEHOLD,Low-volume
HOUSEHOLD_2_373_CA_1_evaluation,0.02167801387222501,-0.019545944010319113,HOUSEHOLD,Mid-volume
HOUSEHOLD_2_392_WI_2_evaluation,-0.010578104034588271,,HOUSEHOLD,Low-volume
HOUSEHOLD_2_402_WI_1_evaluation,0.03067650170030599,,HOUSEHOLD,Low-volume
HOUSEHOLD_2_414_TX_2_evaluation,-0.019239370425324975,-0.16269878812258118,HOUSEHOLD,Low-volume
HOUSEHOLD_2_423_TX_3_evaluation,0.08353152487984267,0.17293601897622068,HOUSEHOLD,Mid-volume
HOUSEHOLD_2_423_WI_3_evaluation,-0.03382863471463965,-0.02132102142506381,HOUSEHOLD,Low-volume
HOUSEHOLD_2_432_TX_3_evaluation,-0.00024847895383260654,-0.07290284609392529,HOUSEHOLD,Low-volume
HOUSEHOLD_2_444_CA_3_evaluation,0.06260249756845593,0.1841646888679478,HOUSEHOLD,Mid-volume
HOUSEHOLD_2_448_CA_4_evaluation,0.005686618343426313,,HOUSEHOLD,Low-volume
HOUSEHOLD_2_450_CA_2_evaluation,0.08572168937291003,0.11271111855505216,HOUSEHOLD,High-volume
HOUSEHOLD_2_452_TX_1_evaluation,0.1054154213138147,-0.01142652854584694,HOUSEHOLD,Low-volume
HOUSEHOLD_2_463_WI_3_evaluation,0.018824055602490466,0.05224220285178294,HOUSEHOLD,Low-volume
HOUSEHOLD_2_478_TX_3_evaluation,-0.025320005395542997,,HOUSEHOLD,Low-volume
HOUSEHOLD_2_497_TX_1_evaluation,0.007823537346386744,-0.09732528581963888,HOUSEHOLD,Mid-volume
HOUSEHOLD_2_500_CA_3_evaluation,-0.01998480728682278,,HOUSEHOLD,Mid-volume
HOUSEHOLD_2_500_TX_1_evaluation,-0.025408747879054644,0.0013411418210345326,HOUSEHOLD,Low-volume
HOUSEHOLD_2_502_TX_2_evaluation,-0.0037733303989152117,-0.041616004922503405,HOUSEHOLD,Low-volume
HOUSEHOLD_2_506_CA_3_evaluation,-0.07100108620799819,0.15080652541786807,HOUSEHOLD,Low-volume
HOUSEHOLD_2_511_TX_1_evaluation,-0.014777398354359372,0.12804487633264433,HOUSEHOLD,Mid-volume
HOUSEHOLD_2_515_CA_1_evaluation,0.0021582171990032484,,HOUSEHOLD,Low-volume
